SET NAMES 'utf8mb4';

INSERT INTO Categories (idCategory, name) VALUES (1, 'Abono de intereses');
INSERT INTO Categories (idCategory, name) VALUES (2, 'Agua');
INSERT INTO Categories (idCategory, name) VALUES (3, 'Alquiler como inquilino');
INSERT INTO Categories (idCategory, name) VALUES (4, 'Peluquería');
INSERT INTO Categories (idCategory, name) VALUES (5, 'Billetes de viaje');
INSERT INTO Categories (idCategory, name) VALUES (6, 'Cafeterías y restaurantes');
INSERT INTO Categories (idCategory, name) VALUES (7, 'Cajeros');
INSERT INTO Categories (idCategory, name) VALUES (8, 'Cine, teatro y espectáculos');
INSERT INTO Categories (idCategory, name) VALUES (9, 'Comisiones e intereses');
INSERT INTO Categories (idCategory, name) VALUES (10, 'Comunidad');
INSERT INTO Categories (idCategory, name) VALUES (11, 'Comunidad derramas');
INSERT INTO Categories (idCategory, name) VALUES (12, 'Decoración y mobiliario');
INSERT INTO Categories (idCategory, name) VALUES (13, 'Dentista, médico');
INSERT INTO Categories (idCategory, name) VALUES (14, 'Deporte y gimnasio');
INSERT INTO Categories (idCategory, name) VALUES (15, 'Educación, salud y deporte');
INSERT INTO Categories (idCategory, name) VALUES (16, 'Electrónica');
INSERT INTO Categories (idCategory, name) VALUES (17, 'Farmacia, herbolario y nutrición');
INSERT INTO Categories (idCategory, name) VALUES (18, 'Fianza y garantia como inquilino');
INSERT INTO Categories (idCategory, name) VALUES (19, 'Gasolina y combustible');
INSERT INTO Categories (idCategory, name) VALUES (20, 'Gastos de inmobiliaria');
INSERT INTO Categories (idCategory, name) VALUES (21, 'Hipoteca');
INSERT INTO Categories (idCategory, name) VALUES (22, 'Hotel y alojamiento');
INSERT INTO Categories (idCategory, name) VALUES (23, 'Ingresos de impuestos');
INSERT INTO Categories (idCategory, name) VALUES (24, 'Ingresos de seguros');
INSERT INTO Categories (idCategory, name) VALUES (25, 'Ingresos por indemnizaciones');
INSERT INTO Categories (idCategory, name) VALUES (26, 'Ingresos por loteria');
INSERT INTO Categories (idCategory, name) VALUES (27, 'Ingresos por otros pagos');
INSERT INTO Categories (idCategory, name) VALUES (28, 'Ingresos por regalos');
INSERT INTO Categories (idCategory, name) VALUES (29, 'Libros, música y videojuegos');
INSERT INTO Categories (idCategory, name) VALUES (30, 'Loterías y apuestas');
INSERT INTO Categories (idCategory, name) VALUES (31, 'Luz y gas');
INSERT INTO Categories (idCategory, name) VALUES (32, 'Mantenimiento del hogar');
INSERT INTO Categories (idCategory, name) VALUES (33, 'Mantenimiento del vehículo');
INSERT INTO Categories (idCategory, name) VALUES (34, 'Nómina o Pensión');
INSERT INTO Categories (idCategory, name) VALUES (35, 'ONGs');
INSERT INTO Categories (idCategory, name) VALUES (36, 'Óptica');
INSERT INTO Categories (idCategory, name) VALUES (37, 'Otros gastos (otros)');
INSERT INTO Categories (idCategory, name) VALUES (38, 'Otros préstamos y avales');
INSERT INTO Categories (idCategory, name) VALUES (39, 'Pago de multas');
INSERT INTO Categories (idCategory, name) VALUES (40, 'Pagos impuestos');
INSERT INTO Categories (idCategory, name) VALUES (41, 'Parking y garaje');
INSERT INTO Categories (idCategory, name) VALUES (42, 'Peajes');
INSERT INTO Categories (idCategory, name) VALUES (43, 'Plan de pensiones');
INSERT INTO Categories (idCategory, name) VALUES (44, 'Prestación por desempleo');
INSERT INTO Categories (idCategory, name) VALUES (45, 'Alquiler de vehículo');
INSERT INTO Categories (idCategory, name) VALUES (46, 'Regalos y juguetes');
INSERT INTO Categories (idCategory, name) VALUES (47, 'Ropa y complementos');
INSERT INTO Categories (idCategory, name) VALUES (48, 'Seguro de hogar');
INSERT INTO Categories (idCategory, name) VALUES (49, 'Seguro de salud');
INSERT INTO Categories (idCategory, name) VALUES (50, 'Seguro de vehículo');
INSERT INTO Categories (idCategory, name) VALUES (51, 'Seguro de vida');
INSERT INTO Categories (idCategory, name) VALUES (52, 'Sindicatos');
INSERT INTO Categories (idCategory, name) VALUES (53, 'Supermercados y alimentación');
INSERT INTO Categories (idCategory, name) VALUES (54, 'Suscripciones');
INSERT INTO Categories (idCategory, name) VALUES (55, 'Tarjetas financieras');
INSERT INTO Categories (idCategory, name) VALUES (56, 'Teléfono, TV e internet');
INSERT INTO Categories (idCategory, name) VALUES (57, 'Transacción entre cuentas');
INSERT INTO Categories (idCategory, name) VALUES (58, 'Transferencias');
INSERT INTO Categories (idCategory, name) VALUES (59, 'Transporte público');
INSERT INTO Categories (idCategory, name) VALUES (60, 'Tren, avión, transporte');

INSERT INTO `Users` VALUES /* Las contraseñas son 1234 en todos */
(1,'admin','admin@gmail.com','$2b$10$Cihkkdcr5YktmJhHUUnPReL6sxvqHR5x7jfQTy/ImQcPJIEulh0VO',1),
(2,'Juan Ramon Gomez Laserna','juan@gmail.com','$2b$10$PJ.kMtM08jJylZzafAw9luy3dkjqdpBqWD4956NQaJ/zltCR..Bce',0),
(3,'Pedro Pero Perez Crespo','pedro@gmail.com','$2b$10$fQehzBv5UyRT20M36UN1Xu0/wvG61ACDbHj9p3UjkF67J3d7WYeCe',0);

INSERT INTO Transactions (idUser, type, amount, description, idCategory, date, createdAt, updatedAt) VALUES
(1, 'expense', 376.86, 'Pago relacionado con Mantenimiento del vehículo', 33, '2025-02-04', NOW(), NOW()),
(1, 'expense', 392.58, 'Pago relacionado con Transporte público', 59, '2025-02-07', NOW(), NOW()),
(1, 'expense', 64.78, 'Pago relacionado con Libros, música y videojuegos', 29, '2025-02-16', NOW(), NOW()),
(1, 'expense', 167.1, 'Pago relacionado con Comisiones e intereses', 9, '2025-01-14', NOW(), NOW()),
(1, 'expense', 90.05, 'Pago relacionado con Dentista, médico', 13, '2025-02-03', NOW(), NOW()),
(1, 'expense', 236.25, 'Pago relacionado con Electrónica', 16, '2025-02-14', NOW(), NOW()),
(1, 'income', 126.84, 'Pago relacionado con Ingresos por regalos', 28, '2025-01-29', NOW(), NOW()),
(1, 'expense', 194.91, 'Pago relacionado con Agua', 2, '2025-03-04', NOW(), NOW()),
(1, 'expense', 73.22, 'Pago relacionado con Deporte y gimnasio', 14, '2025-02-16', NOW(), NOW()),
(1, 'expense', 285.85, 'Pago relacionado con Transacción entre cuentas', 57, '2025-03-29', NOW(), NOW()),
(1, 'expense', 448.6, 'Pago relacionado con Alquiler de vehículo', 45, '2025-01-12', NOW(), NOW()),
(1, 'expense', 42.59, 'Pago relacionado con Alquiler de vehículo', 45, '2025-03-31', NOW(), NOW()),
(1, 'income', 212.66, 'Pago relacionado con Ingresos de impuestos', 23, '2025-03-15', NOW(), NOW()),
(1, 'expense', 76.77, 'Pago relacionado con Supermercados y alimentación', 53, '2025-02-11', NOW(), NOW()),
(1, 'expense', 258.26, 'Pago relacionado con Alquiler de vehículo', 45, '2025-01-23', NOW(), NOW()),
(1, 'expense', 53.93, 'Pago relacionado con Dentista, médico', 13, '2025-02-06', NOW(), NOW()),
(1, 'expense', 284.82, 'Pago relacionado con Transacción entre cuentas', 57, '2025-01-25', NOW(), NOW()),
(1, 'expense', 81.14, 'Pago relacionado con Peluquería', 4, '2025-01-19', NOW(), NOW()),
(1, 'expense', 219.32, 'Pago relacionado con Billetes de viaje', 5, '2025-01-01', NOW(), NOW()),
(1, 'expense', 470.87, 'Pago relacionado con Comisiones e intereses', 9, '2025-01-05', NOW(), NOW()),
(1, 'expense', 252.03, 'Pago relacionado con Fianza y garantia como inquilino', 18, '2025-01-26', NOW(), NOW()),
(1, 'income', 353.67, 'Pago relacionado con Ingresos por indemnizaciones', 25, '2025-02-05', NOW(), NOW()),
(1, 'expense', 422.17, 'Pago relacionado con Cafeterías y restaurantes', 6, '2025-02-08', NOW(), NOW()),
(1, 'expense', 420.51, 'Pago relacionado con Transferencias', 58, '2025-03-22', NOW(), NOW()),
(1, 'expense', 31.27, 'Pago relacionado con Tarjetas financieras', 55, '2025-02-20', NOW(), NOW()),
(1, 'expense', 209.98, 'Pago relacionado con Farmacia, herbolario y nutrición', 17, '2025-01-16', NOW(), NOW()),
(1, 'expense', 144.58, 'Pago relacionado con Farmacia, herbolario y nutrición', 17, '2025-01-14', NOW(), NOW()),
(1, 'expense', 481.25, 'Pago relacionado con Seguro de hogar', 48, '2025-03-16', NOW(), NOW()),
(1, 'expense', 134.31, 'Pago relacionado con Transacción entre cuentas', 57, '2025-02-17', NOW(), NOW()),
(1, 'expense', 263.85, 'Pago relacionado con Comunidad', 10, '2025-03-01', NOW(), NOW()),
(1, 'expense', 79.68, 'Pago relacionado con Plan de pensiones', 43, '2025-01-18', NOW(), NOW()),
(1, 'expense', 330.19, 'Pago relacionado con Tren, avión, transporte', 60, '2025-01-11', NOW(), NOW()),
(1, 'expense', 56.54, 'Pago relacionado con Gasolina y combustible', 19, '2025-02-11', NOW(), NOW()),
(1, 'expense', 190.23, 'Pago relacionado con Seguro de hogar', 48, '2025-02-10', NOW(), NOW()),
(1, 'expense', 107.32, 'Pago relacionado con Comunidad derramas', 11, '2025-01-24', NOW(), NOW()),
(1, 'expense', 382.81, 'Pago relacionado con Tren, avión, transporte', 60, '2025-01-12', NOW(), NOW()),
(1, 'expense', 413.98, 'Pago relacionado con Óptica', 36, '2025-01-08', NOW(), NOW()),
(1, 'expense', 109.53, 'Pago relacionado con Transferencias', 58, '2025-03-19', NOW(), NOW()),
(1, 'expense', 339.43, 'Pago relacionado con Loterías y apuestas', 30, '2025-03-20', NOW(), NOW()),
(1, 'expense', 477.52, 'Pago relacionado con Peajes', 42, '2025-01-23', NOW(), NOW()),
(1, 'expense', 214.76, 'Pago relacionado con Otros gastos (otros)', 37, '2025-03-18', NOW(), NOW()),
(1, 'income', 384.49, 'Pago relacionado con Ingresos por indemnizaciones', 25, '2025-01-04', NOW(), NOW()),
(1, 'expense', 361.28, 'Pago relacionado con Cine, teatro y espectáculos', 8, '2025-02-24', NOW(), NOW()),
(1, 'income', 277.11, 'Pago relacionado con Ingresos de impuestos', 23, '2025-01-12', NOW(), NOW()),
(1, 'expense', 26.56, 'Pago relacionado con Mantenimiento del vehículo', 33, '2025-02-10', NOW(), NOW()),
(1, 'expense', 269.54, 'Pago relacionado con Plan de pensiones', 43, '2025-02-25', NOW(), NOW()),
(1, 'expense', 212.86, 'Pago relacionado con Comunidad', 10, '2025-01-25', NOW(), NOW()),
(1, 'expense', 450.47, 'Pago relacionado con Transacción entre cuentas', 57, '2025-01-25', NOW(), NOW()),
(1, 'expense', 126.96, 'Pago relacionado con Comisiones e intereses', 9, '2025-02-26', NOW(), NOW()),
(1, 'expense', 67.4, 'Pago relacionado con Seguro de hogar', 48, '2025-02-25', NOW(), NOW()),
(1, 'expense', 196.11, 'Pago relacionado con Gasolina y combustible', 19, '2025-01-08', NOW(), NOW()),
(1, 'income', 306.07, 'Pago relacionado con Ingresos por loteria', 26, '2025-02-13', NOW(), NOW()),
(1, 'expense', 464.86, 'Pago relacionado con Ropa y complementos', 47, '2025-03-27', NOW(), NOW()),
(1, 'expense', 304.5, 'Pago relacionado con Transferencias', 58, '2025-01-22', NOW(), NOW()),
(1, 'expense', 159.83, 'Pago relacionado con Transacción entre cuentas', 57, '2025-02-24', NOW(), NOW()),
(1, 'expense', 241.48, 'Pago relacionado con Mantenimiento del hogar', 32, '2025-02-27', NOW(), NOW()),
(1, 'expense', 37.6, 'Pago relacionado con Suscripciones', 54, '2025-02-23', NOW(), NOW()),
(1, 'expense', 353.44, 'Pago relacionado con Seguro de salud', 49, '2025-01-29', NOW(), NOW()),
(1, 'expense', 307.78, 'Pago relacionado con Educación, salud y deporte', 15, '2025-03-18', NOW(), NOW()),
(1, 'income', 290.13, 'Pago relacionado con Ingresos por otros pagos', 27, '2025-02-18', NOW(), NOW()),
(1, 'expense', 144.82, 'Pago relacionado con Decoración y mobiliario', 12, '2025-01-31', NOW(), NOW()),
(1, 'expense', 187.85, 'Pago relacionado con Parking y garaje', 41, '2025-03-07', NOW(), NOW()),
(1, 'expense', 225.39, 'Pago relacionado con Teléfono, TV e internet', 56, '2025-01-05', NOW(), NOW()),
(1, 'income', 115.05, 'Pago relacionado con Ingresos por loteria', 26, '2025-02-12', NOW(), NOW()),
(1, 'income', 267.87, 'Pago relacionado con Ingresos por indemnizaciones', 25, '2025-03-05', NOW(), NOW()),
(1, 'expense', 144.9, 'Pago relacionado con Parking y garaje', 41, '2025-01-17', NOW(), NOW()),
(1, 'expense', 63.19, 'Pago relacionado con Fianza y garantia como inquilino', 18, '2025-01-04', NOW(), NOW()),
(1, 'expense', 183.12, 'Pago relacionado con Mantenimiento del vehículo', 33, '2025-02-24', NOW(), NOW()),
(1, 'expense', 25.24, 'Pago relacionado con Seguro de vida', 51, '2025-03-07', NOW(), NOW()),
(1, 'income', 196.53, 'Pago relacionado con Ingresos por indemnizaciones', 25, '2025-03-10', NOW(), NOW()),
(1, 'expense', 41.02, 'Pago relacionado con Libros, música y videojuegos', 29, '2025-01-11', NOW(), NOW()),
(1, 'income', 286.9, 'Pago relacionado con Ingresos por loteria', 26, '2025-01-16', NOW(), NOW()),
(1, 'expense', 181.08, 'Pago relacionado con ONGs', 35, '2025-03-29', NOW(), NOW()),
(1, 'income', 302.81, 'Pago relacionado con Ingresos por loteria', 26, '2025-02-07', NOW(), NOW()),
(1, 'expense', 242.67, 'Pago relacionado con Otros préstamos y avales', 38, '2025-01-13', NOW(), NOW()),
(1, 'expense', 139.69, 'Pago relacionado con Comisiones e intereses', 9, '2025-03-27', NOW(), NOW()),
(1, 'expense', 393.61, 'Pago relacionado con Gastos de inmobiliaria', 20, '2025-01-26', NOW(), NOW()),
(1, 'expense', 252.51, 'Pago relacionado con Educación, salud y deporte', 15, '2025-02-02', NOW(), NOW()),
(1, 'expense', 383.06, 'Pago relacionado con Pagos impuestos', 40, '2025-01-07', NOW(), NOW()),
(1, 'income', 338.78, 'Pago relacionado con Nómina o Pensión', 34, '2025-03-11', NOW(), NOW()),
(1, 'expense', 382.47, 'Pago relacionado con Farmacia, herbolario y nutrición', 17, '2025-01-01', NOW(), NOW()),
(1, 'expense', 272.37, 'Pago relacionado con Cafeterías y restaurantes', 6, '2025-03-22', NOW(), NOW()),
(1, 'expense', 14.42, 'Pago relacionado con Alquiler de vehículo', 45, '2025-02-05', NOW(), NOW()),
(1, 'expense', 403.36, 'Pago relacionado con Cajeros', 7, '2025-03-20', NOW(), NOW()),
(1, 'expense', 225.62, 'Pago relacionado con Comunidad', 10, '2025-03-20', NOW(), NOW()),
(1, 'expense', 63.5, 'Pago relacionado con Alquiler como inquilino', 3, '2025-03-01', NOW(), NOW()),
(1, 'income', 278.75, 'Pago relacionado con Ingresos de impuestos', 23, '2025-02-24', NOW(), NOW()),
(1, 'expense', 466.48, 'Pago relacionado con Seguro de salud', 49, '2025-03-04', NOW(), NOW()),
(1, 'expense', 287.87, 'Pago relacionado con Luz y gas', 31, '2025-01-17', NOW(), NOW()),
(1, 'expense', 265.04, 'Pago relacionado con Alquiler de vehículo', 45, '2025-03-02', NOW(), NOW()),
(1, 'expense', 174.6, 'Pago relacionado con Plan de pensiones', 43, '2025-01-14', NOW(), NOW()),
(1, 'expense', 58.26, 'Pago relacionado con Loterías y apuestas', 30, '2025-02-15', NOW(), NOW()),
(1, 'expense', 201.26, 'Pago relacionado con Alquiler de vehículo', 45, '2025-01-05', NOW(), NOW()),
(1, 'expense', 87.81, 'Pago relacionado con Parking y garaje', 41, '2025-03-23', NOW(), NOW()),
(1, 'expense', 389.35, 'Pago relacionado con Libros, música y videojuegos', 29, '2025-02-03', NOW(), NOW()),
(1, 'expense', 196.49, 'Pago relacionado con Electrónica', 16, '2025-01-08', NOW(), NOW()),
(1, 'expense', 220.57, 'Pago relacionado con Mantenimiento del vehículo', 33, '2025-02-26', NOW(), NOW()),
(1, 'expense', 311.44, 'Pago relacionado con Libros, música y videojuegos', 29, '2025-02-01', NOW(), NOW()),
(1, 'expense', 305.66, 'Pago relacionado con Peajes', 42, '2025-01-03', NOW(), NOW()),
(1, 'expense', 468.72, 'Pago relacionado con Fianza y garantia como inquilino', 18, '2025-02-07', NOW(), NOW()),
(1, 'expense', 39.89, 'Pago relacionado con Alquiler como inquilino', 3, '2025-03-19', NOW(), NOW()),
(1, 'expense', 322.64, 'Pago relacionado con Transferencias', 58, '2025-02-24', NOW(), NOW()),
(1, 'income', 356.5, 'Pago relacionado con Ingresos por regalos', 28, '2025-03-16', NOW(), NOW()),
(1, 'expense', 479.34, 'Pago relacionado con Seguro de vida', 51, '2025-01-13', NOW(), NOW()),
(1, 'expense', 307.37, 'Pago relacionado con Peajes', 42, '2025-03-04', NOW(), NOW()),
(1, 'income', 490.17, 'Pago relacionado con Ingresos de seguros', 24, '2025-01-26', NOW(), NOW()),
(1, 'expense', 116.63, 'Pago relacionado con Cajeros', 7, '2025-01-16', NOW(), NOW()),
(1, 'expense', 145.94, 'Pago relacionado con Seguro de vida', 51, '2025-01-14', NOW(), NOW()),
(1, 'expense', 340.13, 'Pago relacionado con Alquiler como inquilino', 3, '2025-03-31', NOW(), NOW()),
(1, 'expense', 292.02, 'Pago relacionado con Gasolina y combustible', 19, '2025-03-31', NOW(), NOW()),
(1, 'expense', 491.46, 'Pago relacionado con Otros gastos (otros)', 37, '2025-03-12', NOW(), NOW()),
(1, 'expense', 456.01, 'Pago relacionado con Mantenimiento del hogar', 32, '2025-02-21', NOW(), NOW()),
(1, 'expense', 6.46, 'Pago relacionado con Plan de pensiones', 43, '2025-03-22', NOW(), NOW()),
(1, 'expense', 143.39, 'Pago relacionado con Suscripciones', 54, '2025-03-08', NOW(), NOW()),
(1, 'expense', 448.18, 'Pago relacionado con ONGs', 35, '2025-02-01', NOW(), NOW()),
(1, 'income', 245.22, 'Pago relacionado con Ingresos de impuestos', 23, '2025-01-01', NOW(), NOW()),
(1, 'expense', 494.49, 'Pago relacionado con Otros gastos (otros)', 37, '2025-02-27', NOW(), NOW()),
(1, 'expense', 319.99, 'Pago relacionado con Libros, música y videojuegos', 29, '2025-01-24', NOW(), NOW()),
(1, 'income', 409.3, 'Pago relacionado con Ingresos de impuestos', 23, '2025-02-18', NOW(), NOW()),
(1, 'expense', 471.58, 'Pago relacionado con Tarjetas financieras', 55, '2025-03-23', NOW(), NOW()),
(1, 'income', 267.87, 'Pago relacionado con Ingresos por loteria', 26, '2025-02-02', NOW(), NOW()),
(1, 'expense', 249.57, 'Pago relacionado con ONGs', 35, '2025-01-16', NOW(), NOW()),
(1, 'income', 47.75, 'Pago relacionado con Ingresos de impuestos', 23, '2025-01-15', NOW(), NOW()),
(1, 'expense', 396.65, 'Pago relacionado con Cafeterías y restaurantes', 6, '2025-01-24', NOW(), NOW()),
(1, 'expense', 62.4, 'Pago relacionado con Abono de intereses', 1, '2025-02-10', NOW(), NOW()),
(1, 'expense', 271.0, 'Pago relacionado con Dentista, médico', 13, '2025-01-30', NOW(), NOW()),
(1, 'expense', 252.57, 'Pago relacionado con Hipoteca', 21, '2025-01-30', NOW(), NOW()),
(1, 'income', 86.96, 'Pago relacionado con Nómina o Pensión', 34, '2025-02-01', NOW(), NOW()),
(1, 'expense', 317.75, 'Pago relacionado con Otros préstamos y avales', 38, '2025-01-03', NOW(), NOW()),
(1, 'expense', 248.06, 'Pago relacionado con Transporte público', 59, '2025-02-04', NOW(), NOW()),
(1, 'expense', 68.47, 'Pago relacionado con Peluquería', 4, '2025-01-05', NOW(), NOW()),
(1, 'expense', 425.63, 'Pago relacionado con Agua', 2, '2025-02-07', NOW(), NOW()),
(1, 'expense', 68.39, 'Pago relacionado con Educación, salud y deporte', 15, '2025-01-05', NOW(), NOW()),
(1, 'expense', 349.81, 'Pago relacionado con Comunidad derramas', 11, '2025-02-22', NOW(), NOW()),
(1, 'expense', 85.54, 'Pago relacionado con Peluquería', 4, '2025-03-09', NOW(), NOW()),
(1, 'expense', 425.48, 'Pago relacionado con Seguro de vida', 51, '2025-01-10', NOW(), NOW()),
(1, 'expense', 422.25, 'Pago relacionado con Transporte público', 59, '2025-02-28', NOW(), NOW()),
(1, 'expense', 421.13, 'Pago relacionado con Pago de multas', 39, '2025-02-01', NOW(), NOW()),
(1, 'expense', 350.3, 'Pago relacionado con ONGs', 35, '2025-01-02', NOW(), NOW()),
(1, 'expense', 465.5, 'Pago relacionado con Hotel y alojamiento', 22, '2025-02-09', NOW(), NOW()),
(1, 'expense', 91.22, 'Pago relacionado con Seguro de vida', 51, '2025-03-29', NOW(), NOW()),
(1, 'expense', 291.06, 'Pago relacionado con Cafeterías y restaurantes', 6, '2025-01-30', NOW(), NOW()),
(1, 'expense', 423.51, 'Pago relacionado con Loterías y apuestas', 30, '2025-01-16', NOW(), NOW()),
(1, 'expense', 241.14, 'Pago relacionado con Peajes', 42, '2025-02-28', NOW(), NOW()),
(1, 'income', 467.53, 'Pago relacionado con Ingresos de impuestos', 23, '2025-03-29', NOW(), NOW()),
(1, 'expense', 339.43, 'Pago relacionado con Seguro de hogar', 48, '2025-03-01', NOW(), NOW()),
(1, 'expense', 67.63, 'Pago relacionado con Peluquería', 4, '2025-01-10', NOW(), NOW()),
(1, 'expense', 346.89, 'Pago relacionado con Seguro de hogar', 48, '2025-01-22', NOW(), NOW()),
(1, 'expense', 449.34, 'Pago relacionado con Libros, música y videojuegos', 29, '2025-01-22', NOW(), NOW()),
(1, 'expense', 461.57, 'Pago relacionado con Billetes de viaje', 5, '2025-03-13', NOW(), NOW()),
(1, 'expense', 453.85, 'Pago relacionado con Cajeros', 7, '2025-01-25', NOW(), NOW()),
(1, 'expense', 229.84, 'Pago relacionado con Ropa y complementos', 47, '2025-02-18', NOW(), NOW()),
(1, 'expense', 404.37, 'Pago relacionado con Plan de pensiones', 43, '2025-03-27', NOW(), NOW()),
(1, 'expense', 204.49, 'Pago relacionado con Ropa y complementos', 47, '2025-02-21', NOW(), NOW()),
(1, 'expense', 281.31, 'Pago relacionado con Alquiler de vehículo', 45, '2025-01-29', NOW(), NOW()),
(1, 'expense', 445.9, 'Pago relacionado con Cafeterías y restaurantes', 6, '2025-03-24', NOW(), NOW()),
(1, 'expense', 228.78, 'Pago relacionado con Sindicatos', 52, '2025-01-19', NOW(), NOW()),
(1, 'expense', 403.81, 'Pago relacionado con Cajeros', 7, '2025-03-07', NOW(), NOW()),
(1, 'expense', 57.6, 'Pago relacionado con ONGs', 35, '2025-01-12', NOW(), NOW()),
(1, 'expense', 233.76, 'Pago relacionado con Comunidad', 10, '2025-02-22', NOW(), NOW()),
(1, 'expense', 432.4, 'Pago relacionado con Óptica', 36, '2025-02-05', NOW(), NOW()),
(1, 'income', 113.58, 'Pago relacionado con Ingresos por otros pagos', 27, '2025-01-30', NOW(), NOW()),
(1, 'expense', 215.2, 'Pago relacionado con ONGs', 35, '2025-02-24', NOW(), NOW()),
(1, 'expense', 373.75, 'Pago relacionado con Comunidad', 10, '2025-03-25', NOW(), NOW()),
(1, 'income', 473.07, 'Pago relacionado con Ingresos de impuestos', 23, '2025-01-04', NOW(), NOW()),
(1, 'expense', 192.63, 'Pago relacionado con Cine, teatro y espectáculos', 8, '2025-03-27', NOW(), NOW()),
(1, 'expense', 119.42, 'Pago relacionado con Teléfono, TV e internet', 56, '2025-02-04', NOW(), NOW()),
(1, 'expense', 299.72, 'Pago relacionado con Transferencias', 58, '2025-01-04', NOW(), NOW()),
(1, 'expense', 77.55, 'Pago relacionado con Tren, avión, transporte', 60, '2025-01-17', NOW(), NOW()),
(1, 'expense', 327.25, 'Pago relacionado con Teléfono, TV e internet', 56, '2025-03-12', NOW(), NOW()),
(1, 'expense', 66.45, 'Pago relacionado con Cafeterías y restaurantes', 6, '2025-03-28', NOW(), NOW()),
(1, 'expense', 95.68, 'Pago relacionado con Libros, música y videojuegos', 29, '2025-03-25', NOW(), NOW()),
(1, 'expense', 116.08, 'Pago relacionado con Decoración y mobiliario', 12, '2025-01-16', NOW(), NOW()),
(1, 'income', 74.88, 'Pago relacionado con Ingresos por otros pagos', 27, '2025-03-03', NOW(), NOW()),
(1, 'expense', 140.97, 'Pago relacionado con Teléfono, TV e internet', 56, '2025-02-04', NOW(), NOW()),
(1, 'expense', 488.89, 'Pago relacionado con Educación, salud y deporte', 15, '2025-02-23', NOW(), NOW()),
(1, 'expense', 101.93, 'Pago relacionado con Seguro de vida', 51, '2025-03-06', NOW(), NOW()),
(1, 'expense', 144.2, 'Pago relacionado con Deporte y gimnasio', 14, '2025-03-01', NOW(), NOW()),
(1, 'expense', 148.73, 'Pago relacionado con Educación, salud y deporte', 15, '2025-01-12', NOW(), NOW()),
(1, 'expense', 233.66, 'Pago relacionado con Hipoteca', 21, '2025-01-26', NOW(), NOW()),
(1, 'expense', 245.63, 'Pago relacionado con Hipoteca', 21, '2025-03-04', NOW(), NOW()),
(1, 'expense', 200.62, 'Pago relacionado con Gasolina y combustible', 19, '2025-03-26', NOW(), NOW()),
(1, 'expense', 277.59, 'Pago relacionado con Mantenimiento del hogar', 32, '2025-03-14', NOW(), NOW()),
(1, 'expense', 32.75, 'Pago relacionado con Seguro de vehículo', 50, '2025-03-13', NOW(), NOW()),
(1, 'expense', 188.41, 'Pago relacionado con Transferencias', 58, '2025-03-09', NOW(), NOW()),
(1, 'expense', 436.61, 'Pago relacionado con Gastos de inmobiliaria', 20, '2025-03-10', NOW(), NOW()),
(1, 'expense', 193.06, 'Pago relacionado con Transporte público', 59, '2025-03-27', NOW(), NOW()),
(1, 'income', 244.57, 'Pago relacionado con Ingresos por regalos', 28, '2025-03-15', NOW(), NOW()),
(1, 'expense', 74.09, 'Pago relacionado con Suscripciones', 54, '2025-02-17', NOW(), NOW()),
(1, 'income', 335.27, 'Pago relacionado con Ingresos por loteria', 26, '2025-03-24', NOW(), NOW()),
(1, 'expense', 387.79, 'Pago relacionado con Otros préstamos y avales', 38, '2025-02-21', NOW(), NOW()),
(1, 'expense', 28.38, 'Pago relacionado con Sindicatos', 52, '2025-01-09', NOW(), NOW()),
(1, 'expense', 360.74, 'Pago relacionado con Gasolina y combustible', 19, '2025-03-06', NOW(), NOW()),
(1, 'expense', 234.05, 'Pago relacionado con Gasolina y combustible', 19, '2025-03-23', NOW(), NOW()),
(1, 'expense', 432.6, 'Pago relacionado con Educación, salud y deporte', 15, '2025-03-09', NOW(), NOW()),
(1, 'expense', 237.45, 'Pago relacionado con Comunidad', 10, '2025-02-08', NOW(), NOW()),
(1, 'expense', 357.44, 'Pago relacionado con Tarjetas financieras', 55, '2025-02-22', NOW(), NOW()),
(1, 'expense', 221.61, 'Pago relacionado con Mantenimiento del vehículo', 33, '2025-02-01', NOW(), NOW()),
(1, 'expense', 328.75, 'Pago relacionado con Billetes de viaje', 5, '2025-02-21', NOW(), NOW()),
(1, 'expense', 143.17, 'Pago relacionado con Sindicatos', 52, '2025-03-05', NOW(), NOW()),
(1, 'expense', 254.25, 'Pago relacionado con ONGs', 35, '2025-01-22', NOW(), NOW()),
(1, 'expense', 276.79, 'Pago relacionado con Otros préstamos y avales', 38, '2025-03-10', NOW(), NOW()),
(1, 'expense', 375.45, 'Pago relacionado con Mantenimiento del hogar', 32, '2025-02-01', NOW(), NOW()),
(1, 'expense', 134.63, 'Pago relacionado con Mantenimiento del hogar', 32, '2025-01-31', NOW(), NOW()),
(1, 'expense', 398.4, 'Pago relacionado con Pagos impuestos', 40, '2025-02-09', NOW(), NOW()),
(1, 'expense', 153.99, 'Pago relacionado con Loterías y apuestas', 30, '2025-03-29', NOW(), NOW()),
(1, 'income', 296.82, 'Pago relacionado con Ingresos por regalos', 28, '2025-03-26', NOW(), NOW()),
(1, 'expense', 279.96, 'Pago relacionado con Electrónica', 16, '2025-02-25', NOW(), NOW()),
(1, 'expense', 429.82, 'Pago relacionado con Dentista, médico', 13, '2025-03-24', NOW(), NOW()),
(1, 'expense', 261.75, 'Pago relacionado con Otros gastos (otros)', 37, '2025-01-27', NOW(), NOW()),
(1, 'expense', 172.54, 'Pago relacionado con Seguro de hogar', 48, '2025-03-01', NOW(), NOW()),
(1, 'expense', 189.27, 'Pago relacionado con Tren, avión, transporte', 60, '2025-02-06', NOW(), NOW()),
(1, 'expense', 76.17, 'Pago relacionado con Cafeterías y restaurantes', 6, '2025-01-31', NOW(), NOW()),
(1, 'expense', 126.92, 'Pago relacionado con Suscripciones', 54, '2025-01-18', NOW(), NOW()),
(1, 'income', 290.17, 'Pago relacionado con Ingresos por indemnizaciones', 25, '2025-01-25', NOW(), NOW()),
(1, 'expense', 129.7, 'Pago relacionado con Educación, salud y deporte', 15, '2025-02-19', NOW(), NOW()),
(1, 'expense', 246.56, 'Pago relacionado con Luz y gas', 31, '2025-02-18', NOW(), NOW()),
(1, 'expense', 448.08, 'Pago relacionado con Seguro de vida', 51, '2025-01-21', NOW(), NOW()),
(1, 'expense', 348.51, 'Pago relacionado con Sindicatos', 52, '2025-02-06', NOW(), NOW()),
(1, 'expense', 195.71, 'Pago relacionado con Educación, salud y deporte', 15, '2025-03-24', NOW(), NOW()),
(1, 'income', 494.78, 'Pago relacionado con Ingresos por otros pagos', 27, '2025-03-01', NOW(), NOW()),
(1, 'expense', 71.96, 'Pago relacionado con Seguro de vida', 51, '2025-02-15', NOW(), NOW()),
(1, 'expense', 239.52, 'Pago relacionado con Billetes de viaje', 5, '2025-02-22', NOW(), NOW()),
(1, 'expense', 64.55, 'Pago relacionado con Peajes', 42, '2025-03-05', NOW(), NOW()),
(1, 'income', 417.85, 'Pago relacionado con Nómina o Pensión', 34, '2025-02-22', NOW(), NOW()),
(1, 'expense', 149.48, 'Pago relacionado con Comunidad', 10, '2025-02-03', NOW(), NOW()),
(1, 'expense', 142.62, 'Pago relacionado con Hipoteca', 21, '2025-01-16', NOW(), NOW()),
(1, 'expense', 138.56, 'Pago relacionado con Educación, salud y deporte', 15, '2025-02-25', NOW(), NOW()),
(1, 'income', 48.81, 'Pago relacionado con Ingresos de impuestos', 23, '2025-02-08', NOW(), NOW()),
(1, 'expense', 479.15, 'Pago relacionado con Otros gastos (otros)', 37, '2025-03-12', NOW(), NOW()),
(1, 'expense', 74.7, 'Pago relacionado con Regalos y juguetes', 46, '2025-01-06', NOW(), NOW()),
(1, 'expense', 418.92, 'Pago relacionado con Ropa y complementos', 47, '2025-03-18', NOW(), NOW()),
(1, 'expense', 436.49, 'Pago relacionado con Cafeterías y restaurantes', 6, '2025-02-18', NOW(), NOW()),
(1, 'expense', 85.9, 'Pago relacionado con Parking y garaje', 41, '2025-03-21', NOW(), NOW()),
(1, 'expense', 444.42, 'Pago relacionado con Óptica', 36, '2025-01-15', NOW(), NOW()),
(1, 'expense', 10.66, 'Pago relacionado con Luz y gas', 31, '2025-03-16', NOW(), NOW()),
(1, 'expense', 402.18, 'Pago relacionado con Ropa y complementos', 47, '2025-02-02', NOW(), NOW()),
(1, 'income', 386.81, 'Pago relacionado con Ingresos por indemnizaciones', 25, '2025-03-07', NOW(), NOW()),
(1, 'expense', 422.57, 'Pago relacionado con Transferencias', 58, '2025-02-06', NOW(), NOW()),
(1, 'expense', 248.34, 'Pago relacionado con Otros gastos (otros)', 37, '2025-03-13', NOW(), NOW()),
(1, 'expense', 481.32, 'Pago relacionado con Mantenimiento del vehículo', 33, '2025-01-02', NOW(), NOW()),
(1, 'expense', 134.76, 'Pago relacionado con Suscripciones', 54, '2025-02-07', NOW(), NOW()),
(1, 'expense', 319.9, 'Pago relacionado con Ropa y complementos', 47, '2025-01-05', NOW(), NOW()),
(1, 'expense', 336.93, 'Pago relacionado con Alquiler de vehículo', 45, '2025-03-01', NOW(), NOW()),
(1, 'expense', 132.98, 'Pago relacionado con Seguro de salud', 49, '2025-02-02', NOW(), NOW()),
(1, 'expense', 40.66, 'Pago relacionado con Cajeros', 7, '2025-01-12', NOW(), NOW()),
(1, 'expense', 322.58, 'Pago relacionado con Pago de multas', 39, '2025-01-21', NOW(), NOW()),
(1, 'expense', 151.35, 'Pago relacionado con Gasolina y combustible', 19, '2025-02-17', NOW(), NOW()),
(1, 'expense', 260.46, 'Pago relacionado con Transacción entre cuentas', 57, '2025-03-11', NOW(), NOW()),
(1, 'expense', 206.0, 'Pago relacionado con Otros gastos (otros)', 37, '2025-01-01', NOW(), NOW()),
(1, 'expense', 451.65, 'Pago relacionado con Comunidad derramas', 11, '2025-02-03', NOW(), NOW()),
(1, 'expense', 158.76, 'Pago relacionado con Abono de intereses', 1, '2025-01-06', NOW(), NOW()),
(1, 'expense', 232.45, 'Pago relacionado con Billetes de viaje', 5, '2025-02-15', NOW(), NOW()),
(1, 'expense', 9.26, 'Pago relacionado con Regalos y juguetes', 46, '2025-03-22', NOW(), NOW()),
(1, 'expense', 175.65, 'Pago relacionado con Cine, teatro y espectáculos', 8, '2025-01-30', NOW(), NOW()),
(1, 'expense', 79.76, 'Pago relacionado con Cafeterías y restaurantes', 6, '2025-02-16', NOW(), NOW()),
(1, 'expense', 279.25, 'Pago relacionado con Cine, teatro y espectáculos', 8, '2025-03-03', NOW(), NOW()),
(1, 'expense', 298.44, 'Pago relacionado con Comisiones e intereses', 9, '2025-01-28', NOW(), NOW()),
(1, 'expense', 247.57, 'Pago relacionado con Tren, avión, transporte', 60, '2025-02-08', NOW(), NOW()),
(1, 'expense', 23.12, 'Pago relacionado con Luz y gas', 31, '2025-02-18', NOW(), NOW()),
(1, 'income', 101.72, 'Pago relacionado con Ingresos por indemnizaciones', 25, '2025-01-21', NOW(), NOW()),
(1, 'expense', 57.45, 'Pago relacionado con Gastos de inmobiliaria', 20, '2025-01-05', NOW(), NOW()),
(1, 'expense', 384.85, 'Pago relacionado con Peajes', 42, '2025-02-25', NOW(), NOW()),
(1, 'expense', 23.0, 'Pago relacionado con Luz y gas', 31, '2025-01-31', NOW(), NOW()),
(1, 'expense', 100.77, 'Pago relacionado con Luz y gas', 31, '2025-03-16', NOW(), NOW()),
(1, 'expense', 269.28, 'Pago relacionado con Seguro de vida', 51, '2025-02-18', NOW(), NOW()),
(1, 'expense', 323.33, 'Pago relacionado con Tren, avión, transporte', 60, '2025-02-10', NOW(), NOW()),
(1, 'expense', 139.11, 'Pago relacionado con Farmacia, herbolario y nutrición', 17, '2025-03-27', NOW(), NOW()),
(1, 'expense', 62.1, 'Pago relacionado con Fianza y garantia como inquilino', 18, '2025-01-01', NOW(), NOW()),
(1, 'expense', 450.17, 'Pago relacionado con Educación, salud y deporte', 15, '2025-01-22', NOW(), NOW()),
(1, 'expense', 427.78, 'Pago relacionado con Luz y gas', 31, '2025-01-04', NOW(), NOW()),
(1, 'expense', 199.47, 'Pago relacionado con Cafeterías y restaurantes', 6, '2025-01-18', NOW(), NOW()),
(1, 'expense', 416.81, 'Pago relacionado con Transacción entre cuentas', 57, '2025-03-04', NOW(), NOW()),
(1, 'expense', 406.06, 'Pago relacionado con Dentista, médico', 13, '2025-02-23', NOW(), NOW()),
(1, 'expense', 446.56, 'Pago relacionado con ONGs', 35, '2025-03-04', NOW(), NOW()),
(1, 'expense', 306.01, 'Pago relacionado con Supermercados y alimentación', 53, '2025-02-26', NOW(), NOW()),
(1, 'expense', 88.13, 'Pago relacionado con Farmacia, herbolario y nutrición', 17, '2025-01-24', NOW(), NOW()),
(1, 'expense', 111.12, 'Pago relacionado con Cajeros', 7, '2025-03-07', NOW(), NOW()),
(1, 'expense', 389.98, 'Pago relacionado con Luz y gas', 31, '2025-02-01', NOW(), NOW()),
(1, 'expense', 47.98, 'Pago relacionado con Suscripciones', 54, '2025-02-06', NOW(), NOW()),
(1, 'expense', 73.71, 'Pago relacionado con Ropa y complementos', 47, '2025-02-22', NOW(), NOW()),
(1, 'expense', 253.48, 'Pago relacionado con Fianza y garantia como inquilino', 18, '2025-02-28', NOW(), NOW()),
(1, 'expense', 87.26, 'Pago relacionado con Billetes de viaje', 5, '2025-03-29', NOW(), NOW()),
(1, 'expense', 42.5, 'Pago relacionado con Comisiones e intereses', 9, '2025-03-27', NOW(), NOW()),
(1, 'expense', 11.3, 'Pago relacionado con Abono de intereses', 1, '2025-02-11', NOW(), NOW()),
(1, 'expense', 467.22, 'Pago relacionado con Farmacia, herbolario y nutrición', 17, '2025-01-01', NOW(), NOW()),
(1, 'expense', 445.72, 'Pago relacionado con Cajeros', 7, '2025-02-21', NOW(), NOW()),
(1, 'expense', 291.38, 'Pago relacionado con Transporte público', 59, '2025-01-22', NOW(), NOW()),
(1, 'expense', 195.53, 'Pago relacionado con Pagos impuestos', 40, '2025-02-13', NOW(), NOW()),
(1, 'expense', 339.22, 'Pago relacionado con Suscripciones', 54, '2025-01-16', NOW(), NOW()),
(1, 'expense', 450.94, 'Pago relacionado con Ropa y complementos', 47, '2025-01-04', NOW(), NOW()),
(1, 'expense', 310.22, 'Pago relacionado con Deporte y gimnasio', 14, '2025-03-18', NOW(), NOW()),
(1, 'expense', 476.11, 'Pago relacionado con Peajes', 42, '2025-01-19', NOW(), NOW()),
(1, 'expense', 287.05, 'Pago relacionado con Libros, música y videojuegos', 29, '2025-02-16', NOW(), NOW()),
(1, 'expense', 368.64, 'Pago relacionado con Regalos y juguetes', 46, '2025-01-21', NOW(), NOW()),
(1, 'expense', 16.85, 'Pago relacionado con Cajeros', 7, '2025-02-25', NOW(), NOW()),
(1, 'expense', 345.39, 'Pago relacionado con Decoración y mobiliario', 12, '2025-02-19', NOW(), NOW()),
(1, 'expense', 445.12, 'Pago relacionado con Educación, salud y deporte', 15, '2025-02-14', NOW(), NOW()),
(1, 'expense', 132.39, 'Pago relacionado con Teléfono, TV e internet', 56, '2025-01-15', NOW(), NOW()),
(1, 'expense', 74.0, 'Pago relacionado con Transacción entre cuentas', 57, '2025-02-19', NOW(), NOW()),


(2,'expense', 376.86, 'Pago relacionado con Mantenimiento del vehículo', 33, '2025-02-04', NOW(), NOW()),
(2,'expense', 392.58, 'Pago relacionado con Transporte público', 59, '2025-02-07', NOW(), NOW()),
(2,'expense', 64.78, 'Pago relacionado con Libros, música y videojuegos', 29, '2025-02-16', NOW(), NOW()),
(2,'expense', 167.1, 'Pago relacionado con Comisiones e intereses', 9, '2025-01-14', NOW(), NOW()),
(2,'expense', 90.05, 'Pago relacionado con Dentista, médico', 13, '2025-02-03', NOW(), NOW()),
(2,'expense', 236.25, 'Pago relacionado con Electrónica', 16, '2025-02-14', NOW(), NOW()),
(2,'income', 126.84, 'Pago relacionado con Ingresos por regalos', 28, '2025-01-29', NOW(), NOW()),
(2,'expense', 194.91, 'Pago relacionado con Agua', 2, '2025-03-04', NOW(), NOW()),
(2,'expense', 73.22, 'Pago relacionado con Deporte y gimnasio', 14, '2025-02-16', NOW(), NOW()),
(2,'expense', 285.85, 'Pago relacionado con Transacción entre cuentas', 57, '2025-03-29', NOW(), NOW()),
(2,'expense', 448.6, 'Pago relacionado con Alquiler de vehículo', 45, '2025-01-12', NOW(), NOW()),
(2,'expense', 42.59, 'Pago relacionado con Alquiler de vehículo', 45, '2025-03-31', NOW(), NOW()),
(2,'income', 212.66, 'Pago relacionado con Ingresos de impuestos', 23, '2025-03-15', NOW(), NOW()),
(2,'expense', 76.77, 'Pago relacionado con Supermercados y alimentación', 53, '2025-02-11', NOW(), NOW()),
(2,'expense', 258.26, 'Pago relacionado con Alquiler de vehículo', 45, '2025-01-23', NOW(), NOW()),
(2,'expense', 53.93, 'Pago relacionado con Dentista, médico', 13, '2025-02-06', NOW(), NOW()),
(2,'expense', 284.82, 'Pago relacionado con Transacción entre cuentas', 57, '2025-01-25', NOW(), NOW()),
(2,'expense', 81.14, 'Pago relacionado con Peluquería', 4, '2025-01-19', NOW(), NOW()),
(2,'expense', 219.32, 'Pago relacionado con Billetes de viaje', 5, '2025-01-01', NOW(), NOW()),
(2,'expense', 470.87, 'Pago relacionado con Comisiones e intereses', 9, '2025-01-05', NOW(), NOW()),
(2,'expense', 252.03, 'Pago relacionado con Fianza y garantia como inquilino', 18, '2025-01-26', NOW(), NOW()),
(2,'income', 353.67, 'Pago relacionado con Ingresos por indemnizaciones', 25, '2025-02-05', NOW(), NOW()),
(2,'expense', 422.17, 'Pago relacionado con Cafeterías y restaurantes', 6, '2025-02-08', NOW(), NOW()),
(2,'expense', 420.51, 'Pago relacionado con Transferencias', 58, '2025-03-22', NOW(), NOW()),
(2,'expense', 31.27, 'Pago relacionado con Tarjetas financieras', 55, '2025-02-20', NOW(), NOW()),
(2,'expense', 209.98, 'Pago relacionado con Farmacia, herbolario y nutrición', 17, '2025-01-16', NOW(), NOW()),
(2,'expense', 144.58, 'Pago relacionado con Farmacia, herbolario y nutrición', 17, '2025-01-14', NOW(), NOW()),
(2,'expense', 481.25, 'Pago relacionado con Seguro de hogar', 48, '2025-03-16', NOW(), NOW()),
(2,'expense', 134.31, 'Pago relacionado con Transacción entre cuentas', 57, '2025-02-17', NOW(), NOW()),
(2,'expense', 263.85, 'Pago relacionado con Comunidad', 10, '2025-03-01', NOW(), NOW()),
(2,'expense', 79.68, 'Pago relacionado con Plan de pensiones', 43, '2025-01-18', NOW(), NOW()),
(2,'expense', 330.19, 'Pago relacionado con Tren, avión, transporte', 60, '2025-01-11', NOW(), NOW()),
(2,'expense', 56.54, 'Pago relacionado con Gasolina y combustible', 19, '2025-02-11', NOW(), NOW()),
(2,'expense', 190.23, 'Pago relacionado con Seguro de hogar', 48, '2025-02-10', NOW(), NOW()),
(2,'expense', 107.32, 'Pago relacionado con Comunidad derramas', 11, '2025-01-24', NOW(), NOW()),
(2,'expense', 382.81, 'Pago relacionado con Tren, avión, transporte', 60, '2025-01-12', NOW(), NOW()),
(2,'expense', 413.98, 'Pago relacionado con Óptica', 36, '2025-01-08', NOW(), NOW()),
(2,'expense', 109.53, 'Pago relacionado con Transferencias', 58, '2025-03-19', NOW(), NOW()),
(2,'expense', 339.43, 'Pago relacionado con Loterías y apuestas', 30, '2025-03-20', NOW(), NOW()),
(2,'expense', 477.52, 'Pago relacionado con Peajes', 42, '2025-01-23', NOW(), NOW()),
(2,'expense', 214.76, 'Pago relacionado con Otros gastos (otros)', 37, '2025-03-18', NOW(), NOW()),
(2,'income', 384.49, 'Pago relacionado con Ingresos por indemnizaciones', 25, '2025-01-04', NOW(), NOW()),
(2,'expense', 361.28, 'Pago relacionado con Cine, teatro y espectáculos', 8, '2025-02-24', NOW(), NOW()),
(2,'income', 277.11, 'Pago relacionado con Ingresos de impuestos', 23, '2025-01-12', NOW(), NOW()),
(2,'expense', 26.56, 'Pago relacionado con Mantenimiento del vehículo', 33, '2025-02-10', NOW(), NOW()),
(2,'expense', 269.54, 'Pago relacionado con Plan de pensiones', 43, '2025-02-25', NOW(), NOW()),
(2,'expense', 212.86, 'Pago relacionado con Comunidad', 10, '2025-01-25', NOW(), NOW()),
(2,'expense', 450.47, 'Pago relacionado con Transacción entre cuentas', 57, '2025-01-25', NOW(), NOW()),
(2,'expense', 126.96, 'Pago relacionado con Comisiones e intereses', 9, '2025-02-26', NOW(), NOW()),
(2,'expense', 67.4, 'Pago relacionado con Seguro de hogar', 48, '2025-02-25', NOW(), NOW()),
(2,'expense', 196.11, 'Pago relacionado con Gasolina y combustible', 19, '2025-01-08', NOW(), NOW()),
(2,'income', 306.07, 'Pago relacionado con Ingresos por loteria', 26, '2025-02-13', NOW(), NOW()),
(2,'expense', 464.86, 'Pago relacionado con Ropa y complementos', 47, '2025-03-27', NOW(), NOW()),
(2,'expense', 304.5, 'Pago relacionado con Transferencias', 58, '2025-01-22', NOW(), NOW()),
(2,'expense', 159.83, 'Pago relacionado con Transacción entre cuentas', 57, '2025-02-24', NOW(), NOW()),
(2,'expense', 241.48, 'Pago relacionado con Mantenimiento del hogar', 32, '2025-02-27', NOW(), NOW()),
(2,'expense', 37.6, 'Pago relacionado con Suscripciones', 54, '2025-02-23', NOW(), NOW()),
(2,'expense', 353.44, 'Pago relacionado con Seguro de salud', 49, '2025-01-29', NOW(), NOW()),
(2,'expense', 307.78, 'Pago relacionado con Educación, salud y deporte', 15, '2025-03-18', NOW(), NOW()),
(2,'income', 290.13, 'Pago relacionado con Ingresos por otros pagos', 27, '2025-02-18', NOW(), NOW()),
(2,'expense', 144.82, 'Pago relacionado con Decoración y mobiliario', 12, '2025-01-31', NOW(), NOW()),
(2,'expense', 187.85, 'Pago relacionado con Parking y garaje', 41, '2025-03-07', NOW(), NOW()),
(2,'expense', 225.39, 'Pago relacionado con Teléfono, TV e internet', 56, '2025-01-05', NOW(), NOW()),
(2,'income', 115.05, 'Pago relacionado con Ingresos por loteria', 26, '2025-02-12', NOW(), NOW()),
(2,'income', 267.87, 'Pago relacionado con Ingresos por indemnizaciones', 25, '2025-03-05', NOW(), NOW()),
(2,'expense', 144.9, 'Pago relacionado con Parking y garaje', 41, '2025-01-17', NOW(), NOW()),
(2,'expense', 63.19, 'Pago relacionado con Fianza y garantia como inquilino', 18, '2025-01-04', NOW(), NOW()),
(2,'expense', 183.12, 'Pago relacionado con Mantenimiento del vehículo', 33, '2025-02-24', NOW(), NOW()),
(2,'expense', 25.24, 'Pago relacionado con Seguro de vida', 51, '2025-03-07', NOW(), NOW()),
(2,'income', 196.53, 'Pago relacionado con Ingresos por indemnizaciones', 25, '2025-03-10', NOW(), NOW()),
(2,'expense', 41.02, 'Pago relacionado con Libros, música y videojuegos', 29, '2025-01-11', NOW(), NOW()),
(2,'income', 286.9, 'Pago relacionado con Ingresos por loteria', 26, '2025-01-16', NOW(), NOW()),
(2,'expense', 181.08, 'Pago relacionado con ONGs', 35, '2025-03-29', NOW(), NOW()),
(2,'income', 302.81, 'Pago relacionado con Ingresos por loteria', 26, '2025-02-07', NOW(), NOW()),
(2,'expense', 242.67, 'Pago relacionado con Otros préstamos y avales', 38, '2025-01-13', NOW(), NOW()),
(2,'expense', 139.69, 'Pago relacionado con Comisiones e intereses', 9, '2025-03-27', NOW(), NOW()),
(2,'expense', 393.61, 'Pago relacionado con Gastos de inmobiliaria', 20, '2025-01-26', NOW(), NOW()),
(2,'expense', 252.51, 'Pago relacionado con Educación, salud y deporte', 15, '2025-02-02', NOW(), NOW()),
(2,'expense', 383.06, 'Pago relacionado con Pagos impuestos', 40, '2025-01-07', NOW(), NOW()),
(2,'income', 338.78, 'Pago relacionado con Nómina o Pensión', 34, '2025-03-11', NOW(), NOW()),
(2,'expense', 382.47, 'Pago relacionado con Farmacia, herbolario y nutrición', 17, '2025-01-01', NOW(), NOW()),
(2,'expense', 272.37, 'Pago relacionado con Cafeterías y restaurantes', 6, '2025-03-22', NOW(), NOW()),
(2,'expense', 14.42, 'Pago relacionado con Alquiler de vehículo', 45, '2025-02-05', NOW(), NOW()),
(2,'expense', 403.36, 'Pago relacionado con Cajeros', 7, '2025-03-20', NOW(), NOW()),
(2,'expense', 225.62, 'Pago relacionado con Comunidad', 10, '2025-03-20', NOW(), NOW()),
(2,'expense', 63.5, 'Pago relacionado con Alquiler como inquilino', 3, '2025-03-01', NOW(), NOW()),
(2,'income', 278.75, 'Pago relacionado con Ingresos de impuestos', 23, '2025-02-24', NOW(), NOW()),
(2,'expense', 466.48, 'Pago relacionado con Seguro de salud', 49, '2025-03-04', NOW(), NOW()),
(2,'expense', 287.87, 'Pago relacionado con Luz y gas', 31, '2025-01-17', NOW(), NOW()),
(2,'expense', 265.04, 'Pago relacionado con Alquiler de vehículo', 45, '2025-03-02', NOW(), NOW()),
(2,'expense', 174.6, 'Pago relacionado con Plan de pensiones', 43, '2025-01-14', NOW(), NOW()),
(2,'expense', 58.26, 'Pago relacionado con Loterías y apuestas', 30, '2025-02-15', NOW(), NOW()),
(2,'expense', 201.26, 'Pago relacionado con Alquiler de vehículo', 45, '2025-01-05', NOW(), NOW()),
(2,'expense', 87.81, 'Pago relacionado con Parking y garaje', 41, '2025-03-23', NOW(), NOW()),
(2,'expense', 389.35, 'Pago relacionado con Libros, música y videojuegos', 29, '2025-02-03', NOW(), NOW()),
(2,'expense', 196.49, 'Pago relacionado con Electrónica', 16, '2025-01-08', NOW(), NOW()),
(2,'expense', 220.57, 'Pago relacionado con Mantenimiento del vehículo', 33, '2025-02-26', NOW(), NOW()),
(2,'expense', 311.44, 'Pago relacionado con Libros, música y videojuegos', 29, '2025-02-01', NOW(), NOW()),
(2,'expense', 305.66, 'Pago relacionado con Peajes', 42, '2025-01-03', NOW(), NOW()),
(2,'expense', 468.72, 'Pago relacionado con Fianza y garantia como inquilino', 18, '2025-02-07', NOW(), NOW()),
(2,'expense', 39.89, 'Pago relacionado con Alquiler como inquilino', 3, '2025-03-19', NOW(), NOW()),
(2,'expense', 322.64, 'Pago relacionado con Transferencias', 58, '2025-02-24', NOW(), NOW()),
(2,'income', 356.5, 'Pago relacionado con Ingresos por regalos', 28, '2025-03-16', NOW(), NOW()),
(2,'expense', 479.34, 'Pago relacionado con Seguro de vida', 51, '2025-01-13', NOW(), NOW()),
(2,'expense', 307.37, 'Pago relacionado con Peajes', 42, '2025-03-04', NOW(), NOW()),
(2,'income', 490.17, 'Pago relacionado con Ingresos de seguros', 24, '2025-01-26', NOW(), NOW()),
(2,'expense', 116.63, 'Pago relacionado con Cajeros', 7, '2025-01-16', NOW(), NOW()),
(2,'expense', 145.94, 'Pago relacionado con Seguro de vida', 51, '2025-01-14', NOW(), NOW()),
(2,'expense', 340.13, 'Pago relacionado con Alquiler como inquilino', 3, '2025-03-31', NOW(), NOW()),
(2,'expense', 292.02, 'Pago relacionado con Gasolina y combustible', 19, '2025-03-31', NOW(), NOW()),
(2,'expense', 491.46, 'Pago relacionado con Otros gastos (otros)', 37, '2025-03-12', NOW(), NOW()),
(2,'expense', 456.01, 'Pago relacionado con Mantenimiento del hogar', 32, '2025-02-21', NOW(), NOW()),
(2,'expense', 6.46, 'Pago relacionado con Plan de pensiones', 43, '2025-03-22', NOW(), NOW()),
(2,'expense', 143.39, 'Pago relacionado con Suscripciones', 54, '2025-03-08', NOW(), NOW()),
(2,'expense', 448.18, 'Pago relacionado con ONGs', 35, '2025-02-01', NOW(), NOW()),
(2,'income', 245.22, 'Pago relacionado con Ingresos de impuestos', 23, '2025-01-01', NOW(), NOW()),
(2,'expense', 494.49, 'Pago relacionado con Otros gastos (otros)', 37, '2025-02-27', NOW(), NOW()),
(2,'expense', 319.99, 'Pago relacionado con Libros, música y videojuegos', 29, '2025-01-24', NOW(), NOW()),
(2,'income', 409.3, 'Pago relacionado con Ingresos de impuestos', 23, '2025-02-18', NOW(), NOW()),
(2,'expense', 471.58, 'Pago relacionado con Tarjetas financieras', 55, '2025-03-23', NOW(), NOW()),
(2,'income', 267.87, 'Pago relacionado con Ingresos por loteria', 26, '2025-02-02', NOW(), NOW()),
(2,'expense', 249.57, 'Pago relacionado con ONGs', 35, '2025-01-16', NOW(), NOW()),
(2,'income', 47.75, 'Pago relacionado con Ingresos de impuestos', 23, '2025-01-15', NOW(), NOW()),
(2,'expense', 396.65, 'Pago relacionado con Cafeterías y restaurantes', 6, '2025-01-24', NOW(), NOW()),
(2,'expense', 62.4, 'Pago relacionado con Abono de intereses', 1, '2025-02-10', NOW(), NOW()),
(2,'expense', 271.0, 'Pago relacionado con Dentista, médico', 13, '2025-01-30', NOW(), NOW()),
(2,'expense', 252.57, 'Pago relacionado con Hipoteca', 21, '2025-01-30', NOW(), NOW()),
(2,'income', 86.96, 'Pago relacionado con Nómina o Pensión', 34, '2025-02-01', NOW(), NOW()),
(2,'expense', 317.75, 'Pago relacionado con Otros préstamos y avales', 38, '2025-01-03', NOW(), NOW()),
(2,'expense', 248.06, 'Pago relacionado con Transporte público', 59, '2025-02-04', NOW(), NOW()),
(2,'expense', 68.47, 'Pago relacionado con Peluquería', 4, '2025-01-05', NOW(), NOW()),
(2,'expense', 425.63, 'Pago relacionado con Agua', 2, '2025-02-07', NOW(), NOW()),
(2,'expense', 68.39, 'Pago relacionado con Educación, salud y deporte', 15, '2025-01-05', NOW(), NOW()),
(2,'expense', 349.81, 'Pago relacionado con Comunidad derramas', 11, '2025-02-22', NOW(), NOW()),
(2,'expense', 85.54, 'Pago relacionado con Peluquería', 4, '2025-03-09', NOW(), NOW()),
(2,'expense', 425.48, 'Pago relacionado con Seguro de vida', 51, '2025-01-10', NOW(), NOW()),
(2,'expense', 422.25, 'Pago relacionado con Transporte público', 59, '2025-02-28', NOW(), NOW()),
(2,'expense', 421.13, 'Pago relacionado con Pago de multas', 39, '2025-02-01', NOW(), NOW()),
(2,'expense', 350.3, 'Pago relacionado con ONGs', 35, '2025-01-02', NOW(), NOW()),
(2,'expense', 465.5, 'Pago relacionado con Hotel y alojamiento', 22, '2025-02-09', NOW(), NOW()),
(2,'expense', 91.22, 'Pago relacionado con Seguro de vida', 51, '2025-03-29', NOW(), NOW()),
(2,'expense', 291.06, 'Pago relacionado con Cafeterías y restaurantes', 6, '2025-01-30', NOW(), NOW()),
(2,'expense', 423.51, 'Pago relacionado con Loterías y apuestas', 30, '2025-01-16', NOW(), NOW()),
(2,'expense', 241.14, 'Pago relacionado con Peajes', 42, '2025-02-28', NOW(), NOW()),
(2,'income', 467.53, 'Pago relacionado con Ingresos de impuestos', 23, '2025-03-29', NOW(), NOW()),
(2,'expense', 339.43, 'Pago relacionado con Seguro de hogar', 48, '2025-03-01', NOW(), NOW()),
(2,'expense', 67.63, 'Pago relacionado con Peluquería', 4, '2025-01-10', NOW(), NOW()),
(2,'expense', 346.89, 'Pago relacionado con Seguro de hogar', 48, '2025-01-22', NOW(), NOW()),
(2,'expense', 449.34, 'Pago relacionado con Libros, música y videojuegos', 29, '2025-01-22', NOW(), NOW()),
(2,'expense', 461.57, 'Pago relacionado con Billetes de viaje', 5, '2025-03-13', NOW(), NOW()),
(2,'expense', 453.85, 'Pago relacionado con Cajeros', 7, '2025-01-25', NOW(), NOW()),
(2,'expense', 229.84, 'Pago relacionado con Ropa y complementos', 47, '2025-02-18', NOW(), NOW()),
(2,'expense', 404.37, 'Pago relacionado con Plan de pensiones', 43, '2025-03-27', NOW(), NOW()),
(2,'expense', 204.49, 'Pago relacionado con Ropa y complementos', 47, '2025-02-21', NOW(), NOW()),
(2,'expense', 281.31, 'Pago relacionado con Alquiler de vehículo', 45, '2025-01-29', NOW(), NOW()),
(2,'expense', 445.9, 'Pago relacionado con Cafeterías y restaurantes', 6, '2025-03-24', NOW(), NOW()),
(2,'expense', 228.78, 'Pago relacionado con Sindicatos', 52, '2025-01-19', NOW(), NOW()),
(2,'expense', 403.81, 'Pago relacionado con Cajeros', 7, '2025-03-07', NOW(), NOW()),
(2,'expense', 57.6, 'Pago relacionado con ONGs', 35, '2025-01-12', NOW(), NOW()),
(2,'expense', 233.76, 'Pago relacionado con Comunidad', 10, '2025-02-22', NOW(), NOW()),
(2,'expense', 432.4, 'Pago relacionado con Óptica', 36, '2025-02-05', NOW(), NOW()),
(2,'income', 113.58, 'Pago relacionado con Ingresos por otros pagos', 27, '2025-01-30', NOW(), NOW()),
(2,'expense', 215.2, 'Pago relacionado con ONGs', 35, '2025-02-24', NOW(), NOW()),
(2,'expense', 373.75, 'Pago relacionado con Comunidad', 10, '2025-03-25', NOW(), NOW()),
(2,'income', 473.07, 'Pago relacionado con Ingresos de impuestos', 23, '2025-01-04', NOW(), NOW()),
(2,'expense', 192.63, 'Pago relacionado con Cine, teatro y espectáculos', 8, '2025-03-27', NOW(), NOW()),
(2,'expense', 119.42, 'Pago relacionado con Teléfono, TV e internet', 56, '2025-02-04', NOW(), NOW()),
(2,'expense', 299.72, 'Pago relacionado con Transferencias', 58, '2025-01-04', NOW(), NOW()),
(2,'expense', 77.55, 'Pago relacionado con Tren, avión, transporte', 60, '2025-01-17', NOW(), NOW()),
(2,'expense', 327.25, 'Pago relacionado con Teléfono, TV e internet', 56, '2025-03-12', NOW(), NOW()),
(2,'expense', 66.45, 'Pago relacionado con Cafeterías y restaurantes', 6, '2025-03-28', NOW(), NOW()),
(2,'expense', 95.68, 'Pago relacionado con Libros, música y videojuegos', 29, '2025-03-25', NOW(), NOW()),
(2,'expense', 116.08, 'Pago relacionado con Decoración y mobiliario', 12, '2025-01-16', NOW(), NOW()),
(2,'income', 74.88, 'Pago relacionado con Ingresos por otros pagos', 27, '2025-03-03', NOW(), NOW()),
(2,'expense', 140.97, 'Pago relacionado con Teléfono, TV e internet', 56, '2025-02-04', NOW(), NOW()),
(2,'expense', 488.89, 'Pago relacionado con Educación, salud y deporte', 15, '2025-02-23', NOW(), NOW()),
(2,'expense', 101.93, 'Pago relacionado con Seguro de vida', 51, '2025-03-06', NOW(), NOW()),
(2,'expense', 144.2, 'Pago relacionado con Deporte y gimnasio', 14, '2025-03-01', NOW(), NOW()),
(2,'expense', 148.73, 'Pago relacionado con Educación, salud y deporte', 15, '2025-01-12', NOW(), NOW()),
(2,'expense', 233.66, 'Pago relacionado con Hipoteca', 21, '2025-01-26', NOW(), NOW()),
(2,'expense', 245.63, 'Pago relacionado con Hipoteca', 21, '2025-03-04', NOW(), NOW()),
(2,'expense', 200.62, 'Pago relacionado con Gasolina y combustible', 19, '2025-03-26', NOW(), NOW()),
(2,'expense', 277.59, 'Pago relacionado con Mantenimiento del hogar', 32, '2025-03-14', NOW(), NOW()),
(2,'expense', 32.75, 'Pago relacionado con Seguro de vehículo', 50, '2025-03-13', NOW(), NOW()),
(2,'expense', 188.41, 'Pago relacionado con Transferencias', 58, '2025-03-09', NOW(), NOW()),
(2,'expense', 436.61, 'Pago relacionado con Gastos de inmobiliaria', 20, '2025-03-10', NOW(), NOW()),
(2,'expense', 193.06, 'Pago relacionado con Transporte público', 59, '2025-03-27', NOW(), NOW()),
(2,'income', 244.57, 'Pago relacionado con Ingresos por regalos', 28, '2025-03-15', NOW(), NOW()),
(2,'expense', 74.09, 'Pago relacionado con Suscripciones', 54, '2025-02-17', NOW(), NOW()),
(2,'income', 335.27, 'Pago relacionado con Ingresos por loteria', 26, '2025-03-24', NOW(), NOW()),
(2,'expense', 387.79, 'Pago relacionado con Otros préstamos y avales', 38, '2025-02-21', NOW(), NOW()),
(2,'expense', 28.38, 'Pago relacionado con Sindicatos', 52, '2025-01-09', NOW(), NOW()),
(2,'expense', 360.74, 'Pago relacionado con Gasolina y combustible', 19, '2025-03-06', NOW(), NOW()),
(2,'expense', 234.05, 'Pago relacionado con Gasolina y combustible', 19, '2025-03-23', NOW(), NOW()),
(2,'expense', 432.6, 'Pago relacionado con Educación, salud y deporte', 15, '2025-03-09', NOW(), NOW()),
(2,'expense', 237.45, 'Pago relacionado con Comunidad', 10, '2025-02-08', NOW(), NOW()),
(2,'expense', 357.44, 'Pago relacionado con Tarjetas financieras', 55, '2025-02-22', NOW(), NOW()),
(2,'expense', 221.61, 'Pago relacionado con Mantenimiento del vehículo', 33, '2025-02-01', NOW(), NOW()),
(2,'expense', 328.75, 'Pago relacionado con Billetes de viaje', 5, '2025-02-21', NOW(), NOW()),
(2,'expense', 143.17, 'Pago relacionado con Sindicatos', 52, '2025-03-05', NOW(), NOW()),
(2,'expense', 254.25, 'Pago relacionado con ONGs', 35, '2025-01-22', NOW(), NOW()),
(2,'expense', 276.79, 'Pago relacionado con Otros préstamos y avales', 38, '2025-03-10', NOW(), NOW()),
(2,'expense', 375.45, 'Pago relacionado con Mantenimiento del hogar', 32, '2025-02-01', NOW(), NOW()),
(2,'expense', 134.63, 'Pago relacionado con Mantenimiento del hogar', 32, '2025-01-31', NOW(), NOW()),
(2,'expense', 398.4, 'Pago relacionado con Pagos impuestos', 40, '2025-02-09', NOW(), NOW()),
(2,'expense', 153.99, 'Pago relacionado con Loterías y apuestas', 30, '2025-03-29', NOW(), NOW()),
(2,'income', 296.82, 'Pago relacionado con Ingresos por regalos', 28, '2025-03-26', NOW(), NOW()),
(2,'expense', 279.96, 'Pago relacionado con Electrónica', 16, '2025-02-25', NOW(), NOW()),
(2,'expense', 429.82, 'Pago relacionado con Dentista, médico', 13, '2025-03-24', NOW(), NOW()),
(2,'expense', 261.75, 'Pago relacionado con Otros gastos (otros)', 37, '2025-01-27', NOW(), NOW()),
(2,'expense', 172.54, 'Pago relacionado con Seguro de hogar', 48, '2025-03-01', NOW(), NOW()),
(2,'expense', 189.27, 'Pago relacionado con Tren, avión, transporte', 60, '2025-02-06', NOW(), NOW()),
(2,'expense', 76.17, 'Pago relacionado con Cafeterías y restaurantes', 6, '2025-01-31', NOW(), NOW()),
(2,'expense', 126.92, 'Pago relacionado con Suscripciones', 54, '2025-01-18', NOW(), NOW()),
(2,'income', 290.17, 'Pago relacionado con Ingresos por indemnizaciones', 25, '2025-01-25', NOW(), NOW()),
(2,'expense', 129.7, 'Pago relacionado con Educación, salud y deporte', 15, '2025-02-19', NOW(), NOW()),
(2,'expense', 246.56, 'Pago relacionado con Luz y gas', 31, '2025-02-18', NOW(), NOW()),
(2,'expense', 448.08, 'Pago relacionado con Seguro de vida', 51, '2025-01-21', NOW(), NOW()),
(2,'expense', 348.51, 'Pago relacionado con Sindicatos', 52, '2025-02-06', NOW(), NOW()),
(2,'expense', 195.71, 'Pago relacionado con Educación, salud y deporte', 15, '2025-03-24', NOW(), NOW()),
(2,'income', 494.78, 'Pago relacionado con Ingresos por otros pagos', 27, '2025-03-01', NOW(), NOW()),
(2,'expense', 71.96, 'Pago relacionado con Seguro de vida', 51, '2025-02-15', NOW(), NOW()),
(2,'expense', 239.52, 'Pago relacionado con Billetes de viaje', 5, '2025-02-22', NOW(), NOW()),
(2,'expense', 64.55, 'Pago relacionado con Peajes', 42, '2025-03-05', NOW(), NOW()),
(2,'income', 417.85, 'Pago relacionado con Nómina o Pensión', 34, '2025-02-22', NOW(), NOW()),
(2,'expense', 149.48, 'Pago relacionado con Comunidad', 10, '2025-02-03', NOW(), NOW()),
(2,'expense', 142.62, 'Pago relacionado con Hipoteca', 21, '2025-01-16', NOW(), NOW()),
(2,'expense', 138.56, 'Pago relacionado con Educación, salud y deporte', 15, '2025-02-25', NOW(), NOW()),
(2,'income', 48.81, 'Pago relacionado con Ingresos de impuestos', 23, '2025-02-08', NOW(), NOW()),
(2,'expense', 479.15, 'Pago relacionado con Otros gastos (otros)', 37, '2025-03-12', NOW(), NOW()),
(2,'expense', 74.7, 'Pago relacionado con Regalos y juguetes', 46, '2025-01-06', NOW(), NOW()),
(2,'expense', 418.92, 'Pago relacionado con Ropa y complementos', 47, '2025-03-18', NOW(), NOW()),
(2,'expense', 436.49, 'Pago relacionado con Cafeterías y restaurantes', 6, '2025-02-18', NOW(), NOW()),
(2,'expense', 85.9, 'Pago relacionado con Parking y garaje', 41, '2025-03-21', NOW(), NOW()),
(2,'expense', 444.42, 'Pago relacionado con Óptica', 36, '2025-01-15', NOW(), NOW()),
(2,'expense', 10.66, 'Pago relacionado con Luz y gas', 31, '2025-03-16', NOW(), NOW()),
(2,'expense', 402.18, 'Pago relacionado con Ropa y complementos', 47, '2025-02-02', NOW(), NOW()),
(2,'income', 386.81, 'Pago relacionado con Ingresos por indemnizaciones', 25, '2025-03-07', NOW(), NOW()),
(2,'expense', 422.57, 'Pago relacionado con Transferencias', 58, '2025-02-06', NOW(), NOW()),
(2,'expense', 248.34, 'Pago relacionado con Otros gastos (otros)', 37, '2025-03-13', NOW(), NOW()),
(2,'expense', 481.32, 'Pago relacionado con Mantenimiento del vehículo', 33, '2025-01-02', NOW(), NOW()),
(2,'expense', 134.76, 'Pago relacionado con Suscripciones', 54, '2025-02-07', NOW(), NOW()),
(2,'expense', 319.9, 'Pago relacionado con Ropa y complementos', 47, '2025-01-05', NOW(), NOW()),
(2,'expense', 336.93, 'Pago relacionado con Alquiler de vehículo', 45, '2025-03-01', NOW(), NOW()),
(2,'expense', 132.98, 'Pago relacionado con Seguro de salud', 49, '2025-02-02', NOW(), NOW()),
(2,'expense', 40.66, 'Pago relacionado con Cajeros', 7, '2025-01-12', NOW(), NOW()),
(2,'expense', 322.58, 'Pago relacionado con Pago de multas', 39, '2025-01-21', NOW(), NOW()),
(2,'expense', 151.35, 'Pago relacionado con Gasolina y combustible', 19, '2025-02-17', NOW(), NOW()),
(2,'expense', 260.46, 'Pago relacionado con Transacción entre cuentas', 57, '2025-03-11', NOW(), NOW()),
(2,'expense', 206.0, 'Pago relacionado con Otros gastos (otros)', 37, '2025-01-01', NOW(), NOW()),
(2,'expense', 451.65, 'Pago relacionado con Comunidad derramas', 11, '2025-02-03', NOW(), NOW()),
(2,'expense', 158.76, 'Pago relacionado con Abono de intereses', 1, '2025-01-06', NOW(), NOW()),
(2,'expense', 232.45, 'Pago relacionado con Billetes de viaje', 5, '2025-02-15', NOW(), NOW()),
(2,'expense', 9.26, 'Pago relacionado con Regalos y juguetes', 46, '2025-03-22', NOW(), NOW()),
(2,'expense', 175.65, 'Pago relacionado con Cine, teatro y espectáculos', 8, '2025-01-30', NOW(), NOW()),
(2,'expense', 79.76, 'Pago relacionado con Cafeterías y restaurantes', 6, '2025-02-16', NOW(), NOW()),
(2,'expense', 279.25, 'Pago relacionado con Cine, teatro y espectáculos', 8, '2025-03-03', NOW(), NOW()),
(2,'expense', 298.44, 'Pago relacionado con Comisiones e intereses', 9, '2025-01-28', NOW(), NOW()),
(2,'expense', 247.57, 'Pago relacionado con Tren, avión, transporte', 60, '2025-02-08', NOW(), NOW()),
(2,'expense', 23.12, 'Pago relacionado con Luz y gas', 31, '2025-02-18', NOW(), NOW()),
(2,'income', 101.72, 'Pago relacionado con Ingresos por indemnizaciones', 25, '2025-01-21', NOW(), NOW()),
(2,'expense', 57.45, 'Pago relacionado con Gastos de inmobiliaria', 20, '2025-01-05', NOW(), NOW()),
(2,'expense', 384.85, 'Pago relacionado con Peajes', 42, '2025-02-25', NOW(), NOW()),
(2,'expense', 23.0, 'Pago relacionado con Luz y gas', 31, '2025-01-31', NOW(), NOW()),
(2,'expense', 100.77, 'Pago relacionado con Luz y gas', 31, '2025-03-16', NOW(), NOW()),
(2,'expense', 269.28, 'Pago relacionado con Seguro de vida', 51, '2025-02-18', NOW(), NOW()),
(2,'expense', 323.33, 'Pago relacionado con Tren, avión, transporte', 60, '2025-02-10', NOW(), NOW()),
(2,'expense', 139.11, 'Pago relacionado con Farmacia, herbolario y nutrición', 17, '2025-03-27', NOW(), NOW()),
(2,'expense', 62.1, 'Pago relacionado con Fianza y garantia como inquilino', 18, '2025-01-01', NOW(), NOW()),
(2,'expense', 450.17, 'Pago relacionado con Educación, salud y deporte', 15, '2025-01-22', NOW(), NOW()),
(2,'expense', 427.78, 'Pago relacionado con Luz y gas', 31, '2025-01-04', NOW(), NOW()),
(2,'expense', 199.47, 'Pago relacionado con Cafeterías y restaurantes', 6, '2025-01-18', NOW(), NOW()),
(2,'expense', 416.81, 'Pago relacionado con Transacción entre cuentas', 57, '2025-03-04', NOW(), NOW()),
(2,'expense', 406.06, 'Pago relacionado con Dentista, médico', 13, '2025-02-23', NOW(), NOW()),
(2,'expense', 446.56, 'Pago relacionado con ONGs', 35, '2025-03-04', NOW(), NOW()),
(2,'expense', 306.01, 'Pago relacionado con Supermercados y alimentación', 53, '2025-02-26', NOW(), NOW()),
(2,'expense', 88.13, 'Pago relacionado con Farmacia, herbolario y nutrición', 17, '2025-01-24', NOW(), NOW()),
(2,'expense', 111.12, 'Pago relacionado con Cajeros', 7, '2025-03-07', NOW(), NOW()),
(2,'expense', 389.98, 'Pago relacionado con Luz y gas', 31, '2025-02-01', NOW(), NOW()),
(2,'expense', 47.98, 'Pago relacionado con Suscripciones', 54, '2025-02-06', NOW(), NOW()),
(2,'expense', 73.71, 'Pago relacionado con Ropa y complementos', 47, '2025-02-22', NOW(), NOW()),
(2,'expense', 253.48, 'Pago relacionado con Fianza y garantia como inquilino', 18, '2025-02-28', NOW(), NOW()),
(2,'expense', 87.26, 'Pago relacionado con Billetes de viaje', 5, '2025-03-29', NOW(), NOW()),
(2,'expense', 42.5, 'Pago relacionado con Comisiones e intereses', 9, '2025-03-27', NOW(), NOW()),
(2,'expense', 11.3, 'Pago relacionado con Abono de intereses', 1, '2025-02-11', NOW(), NOW()),
(2,'expense', 467.22, 'Pago relacionado con Farmacia, herbolario y nutrición', 17, '2025-01-01', NOW(), NOW()),
(2,'expense', 445.72, 'Pago relacionado con Cajeros', 7, '2025-02-21', NOW(), NOW()),
(2,'expense', 291.38, 'Pago relacionado con Transporte público', 59, '2025-01-22', NOW(), NOW()),
(2,'expense', 195.53, 'Pago relacionado con Pagos impuestos', 40, '2025-02-13', NOW(), NOW()),
(2,'expense', 339.22, 'Pago relacionado con Suscripciones', 54, '2025-01-16', NOW(), NOW()),
(2,'expense', 450.94, 'Pago relacionado con Ropa y complementos', 47, '2025-01-04', NOW(), NOW()),
(2,'expense', 310.22, 'Pago relacionado con Deporte y gimnasio', 14, '2025-03-18', NOW(), NOW()),
(2,'expense', 476.11, 'Pago relacionado con Peajes', 42, '2025-01-19', NOW(), NOW()),
(2,'expense', 287.05, 'Pago relacionado con Libros, música y videojuegos', 29, '2025-02-16', NOW(), NOW()),
(2,'expense', 368.64, 'Pago relacionado con Regalos y juguetes', 46, '2025-01-21', NOW(), NOW()),
(2,'expense', 16.85, 'Pago relacionado con Cajeros', 7, '2025-02-25', NOW(), NOW()),
(2,'expense', 345.39, 'Pago relacionado con Decoración y mobiliario', 12, '2025-02-19', NOW(), NOW()),
(2,'expense', 445.12, 'Pago relacionado con Educación, salud y deporte', 15, '2025-02-14', NOW(), NOW()),
(2,'expense', 132.39, 'Pago relacionado con Teléfono, TV e internet', 56, '2025-01-15', NOW(), NOW()),
(2,'expense', 74.0, 'Pago relacionado con Transacción entre cuentas', 57, '2025-02-19', NOW(), NOW()),


(3,'expense', 376.86, 'Pago relacionado con Mantenimiento del vehículo', 33, '2025-02-04', NOW(), NOW()),
(3,'expense', 392.58, 'Pago relacionado con Transporte público', 59, '2025-02-07', NOW(), NOW()),
(3,'expense', 64.78, 'Pago relacionado con Libros, música y videojuegos', 29, '2025-02-16', NOW(), NOW()),
(3,'expense', 167.1, 'Pago relacionado con Comisiones e intereses', 9, '2025-01-14', NOW(), NOW()),
(3,'expense', 90.05, 'Pago relacionado con Dentista, médico', 13, '2025-02-03', NOW(), NOW()),
(3,'expense', 236.25, 'Pago relacionado con Electrónica', 16, '2025-02-14', NOW(), NOW()),
(3,'income', 126.84, 'Pago relacionado con Ingresos por regalos', 28, '2025-01-29', NOW(), NOW()),
(3,'expense', 194.91, 'Pago relacionado con Agua', 2, '2025-03-04', NOW(), NOW()),
(3,'expense', 73.22, 'Pago relacionado con Deporte y gimnasio', 14, '2025-02-16', NOW(), NOW()),
(3,'expense', 285.85, 'Pago relacionado con Transacción entre cuentas', 57, '2025-03-29', NOW(), NOW()),
(3,'expense', 448.6, 'Pago relacionado con Alquiler de vehículo', 45, '2025-01-12', NOW(), NOW()),
(3,'expense', 42.59, 'Pago relacionado con Alquiler de vehículo', 45, '2025-03-31', NOW(), NOW()),
(3,'income', 212.66, 'Pago relacionado con Ingresos de impuestos', 23, '2025-03-15', NOW(), NOW()),
(3,'expense', 76.77, 'Pago relacionado con Supermercados y alimentación', 53, '2025-02-11', NOW(), NOW()),
(3,'expense', 258.26, 'Pago relacionado con Alquiler de vehículo', 45, '2025-01-23', NOW(), NOW()),
(3,'expense', 53.93, 'Pago relacionado con Dentista, médico', 13, '2025-02-06', NOW(), NOW()),
(3,'expense', 284.82, 'Pago relacionado con Transacción entre cuentas', 57, '2025-01-25', NOW(), NOW()),
(3,'expense', 81.14, 'Pago relacionado con Peluquería', 4, '2025-01-19', NOW(), NOW()),
(3,'expense', 219.32, 'Pago relacionado con Billetes de viaje', 5, '2025-01-01', NOW(), NOW()),
(3,'expense', 470.87, 'Pago relacionado con Comisiones e intereses', 9, '2025-01-05', NOW(), NOW()),
(3,'expense', 252.03, 'Pago relacionado con Fianza y garantia como inquilino', 18, '2025-01-26', NOW(), NOW()),
(3,'income', 353.67, 'Pago relacionado con Ingresos por indemnizaciones', 25, '2025-02-05', NOW(), NOW()),
(3,'expense', 422.17, 'Pago relacionado con Cafeterías y restaurantes', 6, '2025-02-08', NOW(), NOW()),
(3,'expense', 420.51, 'Pago relacionado con Transferencias', 58, '2025-03-22', NOW(), NOW()),
(3,'expense', 31.27, 'Pago relacionado con Tarjetas financieras', 55, '2025-02-20', NOW(), NOW()),
(3,'expense', 209.98, 'Pago relacionado con Farmacia, herbolario y nutrición', 17, '2025-01-16', NOW(), NOW()),
(3,'expense', 144.58, 'Pago relacionado con Farmacia, herbolario y nutrición', 17, '2025-01-14', NOW(), NOW()),
(3,'expense', 481.25, 'Pago relacionado con Seguro de hogar', 48, '2025-03-16', NOW(), NOW()),
(3,'expense', 134.31, 'Pago relacionado con Transacción entre cuentas', 57, '2025-02-17', NOW(), NOW()),
(3,'expense', 263.85, 'Pago relacionado con Comunidad', 10, '2025-03-01', NOW(), NOW()),
(3,'expense', 79.68, 'Pago relacionado con Plan de pensiones', 43, '2025-01-18', NOW(), NOW()),
(3,'expense', 330.19, 'Pago relacionado con Tren, avión, transporte', 60, '2025-01-11', NOW(), NOW()),
(3,'expense', 56.54, 'Pago relacionado con Gasolina y combustible', 19, '2025-02-11', NOW(), NOW()),
(3,'expense', 190.23, 'Pago relacionado con Seguro de hogar', 48, '2025-02-10', NOW(), NOW()),
(3,'expense', 107.32, 'Pago relacionado con Comunidad derramas', 11, '2025-01-24', NOW(), NOW()),
(3,'expense', 382.81, 'Pago relacionado con Tren, avión, transporte', 60, '2025-01-12', NOW(), NOW()),
(3,'expense', 413.98, 'Pago relacionado con Óptica', 36, '2025-01-08', NOW(), NOW()),
(3,'expense', 109.53, 'Pago relacionado con Transferencias', 58, '2025-03-19', NOW(), NOW()),
(3,'expense', 339.43, 'Pago relacionado con Loterías y apuestas', 30, '2025-03-20', NOW(), NOW()),
(3,'expense', 477.52, 'Pago relacionado con Peajes', 42, '2025-01-23', NOW(), NOW()),
(3,'expense', 214.76, 'Pago relacionado con Otros gastos (otros)', 37, '2025-03-18', NOW(), NOW()),
(3,'income', 384.49, 'Pago relacionado con Ingresos por indemnizaciones', 25, '2025-01-04', NOW(), NOW()),
(3,'expense', 361.28, 'Pago relacionado con Cine, teatro y espectáculos', 8, '2025-02-24', NOW(), NOW()),
(3,'income', 277.11, 'Pago relacionado con Ingresos de impuestos', 23, '2025-01-12', NOW(), NOW()),
(3,'expense', 26.56, 'Pago relacionado con Mantenimiento del vehículo', 33, '2025-02-10', NOW(), NOW()),
(3,'expense', 269.54, 'Pago relacionado con Plan de pensiones', 43, '2025-02-25', NOW(), NOW()),
(3,'expense', 212.86, 'Pago relacionado con Comunidad', 10, '2025-01-25', NOW(), NOW()),
(3,'expense', 450.47, 'Pago relacionado con Transacción entre cuentas', 57, '2025-01-25', NOW(), NOW()),
(3,'expense', 126.96, 'Pago relacionado con Comisiones e intereses', 9, '2025-02-26', NOW(), NOW()),
(3,'expense', 67.4, 'Pago relacionado con Seguro de hogar', 48, '2025-02-25', NOW(), NOW()),
(3,'expense', 196.11, 'Pago relacionado con Gasolina y combustible', 19, '2025-01-08', NOW(), NOW()),
(3,'income', 306.07, 'Pago relacionado con Ingresos por loteria', 26, '2025-02-13', NOW(), NOW()),
(3,'expense', 464.86, 'Pago relacionado con Ropa y complementos', 47, '2025-03-27', NOW(), NOW()),
(3,'expense', 304.5, 'Pago relacionado con Transferencias', 58, '2025-01-22', NOW(), NOW()),
(3,'expense', 159.83, 'Pago relacionado con Transacción entre cuentas', 57, '2025-02-24', NOW(), NOW()),
(3,'expense', 241.48, 'Pago relacionado con Mantenimiento del hogar', 32, '2025-02-27', NOW(), NOW()),
(3,'expense', 37.6, 'Pago relacionado con Suscripciones', 54, '2025-02-23', NOW(), NOW()),
(3,'expense', 353.44, 'Pago relacionado con Seguro de salud', 49, '2025-01-29', NOW(), NOW()),
(3,'expense', 307.78, 'Pago relacionado con Educación, salud y deporte', 15, '2025-03-18', NOW(), NOW()),
(3,'income', 290.13, 'Pago relacionado con Ingresos por otros pagos', 27, '2025-02-18', NOW(), NOW()),
(3,'expense', 144.82, 'Pago relacionado con Decoración y mobiliario', 12, '2025-01-31', NOW(), NOW()),
(3,'expense', 187.85, 'Pago relacionado con Parking y garaje', 41, '2025-03-07', NOW(), NOW()),
(3,'expense', 225.39, 'Pago relacionado con Teléfono, TV e internet', 56, '2025-01-05', NOW(), NOW()),
(3,'income', 115.05, 'Pago relacionado con Ingresos por loteria', 26, '2025-02-12', NOW(), NOW()),
(3,'income', 267.87, 'Pago relacionado con Ingresos por indemnizaciones', 25, '2025-03-05', NOW(), NOW()),
(3,'expense', 144.9, 'Pago relacionado con Parking y garaje', 41, '2025-01-17', NOW(), NOW()),
(3,'expense', 63.19, 'Pago relacionado con Fianza y garantia como inquilino', 18, '2025-01-04', NOW(), NOW()),
(3,'expense', 183.12, 'Pago relacionado con Mantenimiento del vehículo', 33, '2025-02-24', NOW(), NOW()),
(3,'expense', 25.24, 'Pago relacionado con Seguro de vida', 51, '2025-03-07', NOW(), NOW()),
(3,'income', 196.53, 'Pago relacionado con Ingresos por indemnizaciones', 25, '2025-03-10', NOW(), NOW()),
(3,'expense', 41.02, 'Pago relacionado con Libros, música y videojuegos', 29, '2025-01-11', NOW(), NOW()),
(3,'income', 286.9, 'Pago relacionado con Ingresos por loteria', 26, '2025-01-16', NOW(), NOW()),
(3,'expense', 181.08, 'Pago relacionado con ONGs', 35, '2025-03-29', NOW(), NOW()),
(3,'income', 302.81, 'Pago relacionado con Ingresos por loteria', 26, '2025-02-07', NOW(), NOW()),
(3,'expense', 242.67, 'Pago relacionado con Otros préstamos y avales', 38, '2025-01-13', NOW(), NOW()),
(3,'expense', 139.69, 'Pago relacionado con Comisiones e intereses', 9, '2025-03-27', NOW(), NOW()),
(3,'expense', 393.61, 'Pago relacionado con Gastos de inmobiliaria', 20, '2025-01-26', NOW(), NOW()),
(3,'expense', 252.51, 'Pago relacionado con Educación, salud y deporte', 15, '2025-02-02', NOW(), NOW()),
(3,'expense', 383.06, 'Pago relacionado con Pagos impuestos', 40, '2025-01-07', NOW(), NOW()),
(3,'income', 338.78, 'Pago relacionado con Nómina o Pensión', 34, '2025-03-11', NOW(), NOW()),
(3,'expense', 382.47, 'Pago relacionado con Farmacia, herbolario y nutrición', 17, '2025-01-01', NOW(), NOW()),
(3,'expense', 272.37, 'Pago relacionado con Cafeterías y restaurantes', 6, '2025-03-22', NOW(), NOW()),
(3,'expense', 14.42, 'Pago relacionado con Alquiler de vehículo', 45, '2025-02-05', NOW(), NOW()),
(3,'expense', 403.36, 'Pago relacionado con Cajeros', 7, '2025-03-20', NOW(), NOW()),
(3,'expense', 225.62, 'Pago relacionado con Comunidad', 10, '2025-03-20', NOW(), NOW()),
(3,'expense', 63.5, 'Pago relacionado con Alquiler como inquilino', 3, '2025-03-01', NOW(), NOW()),
(3,'income', 278.75, 'Pago relacionado con Ingresos de impuestos', 23, '2025-02-24', NOW(), NOW()),
(3,'expense', 466.48, 'Pago relacionado con Seguro de salud', 49, '2025-03-04', NOW(), NOW()),
(3,'expense', 287.87, 'Pago relacionado con Luz y gas', 31, '2025-01-17', NOW(), NOW()),
(3,'expense', 265.04, 'Pago relacionado con Alquiler de vehículo', 45, '2025-03-02', NOW(), NOW()),
(3,'expense', 174.6, 'Pago relacionado con Plan de pensiones', 43, '2025-01-14', NOW(), NOW()),
(3,'expense', 58.26, 'Pago relacionado con Loterías y apuestas', 30, '2025-02-15', NOW(), NOW()),
(3,'expense', 201.26, 'Pago relacionado con Alquiler de vehículo', 45, '2025-01-05', NOW(), NOW()),
(3,'expense', 87.81, 'Pago relacionado con Parking y garaje', 41, '2025-03-23', NOW(), NOW()),
(3,'expense', 389.35, 'Pago relacionado con Libros, música y videojuegos', 29, '2025-02-03', NOW(), NOW()),
(3,'expense', 196.49, 'Pago relacionado con Electrónica', 16, '2025-01-08', NOW(), NOW()),
(3,'expense', 220.57, 'Pago relacionado con Mantenimiento del vehículo', 33, '2025-02-26', NOW(), NOW()),
(3,'expense', 311.44, 'Pago relacionado con Libros, música y videojuegos', 29, '2025-02-01', NOW(), NOW()),
(3,'expense', 305.66, 'Pago relacionado con Peajes', 42, '2025-01-03', NOW(), NOW()),
(3,'expense', 468.72, 'Pago relacionado con Fianza y garantia como inquilino', 18, '2025-02-07', NOW(), NOW()),
(3,'expense', 39.89, 'Pago relacionado con Alquiler como inquilino', 3, '2025-03-19', NOW(), NOW()),
(3,'expense', 322.64, 'Pago relacionado con Transferencias', 58, '2025-02-24', NOW(), NOW()),
(3,'income', 356.5, 'Pago relacionado con Ingresos por regalos', 28, '2025-03-16', NOW(), NOW()),
(3,'expense', 479.34, 'Pago relacionado con Seguro de vida', 51, '2025-01-13', NOW(), NOW()),
(3,'expense', 307.37, 'Pago relacionado con Peajes', 42, '2025-03-04', NOW(), NOW()),
(3,'income', 490.17, 'Pago relacionado con Ingresos de seguros', 24, '2025-01-26', NOW(), NOW()),
(3,'expense', 116.63, 'Pago relacionado con Cajeros', 7, '2025-01-16', NOW(), NOW()),
(3,'expense', 145.94, 'Pago relacionado con Seguro de vida', 51, '2025-01-14', NOW(), NOW()),
(3,'expense', 340.13, 'Pago relacionado con Alquiler como inquilino', 3, '2025-03-31', NOW(), NOW()),
(3,'expense', 292.02, 'Pago relacionado con Gasolina y combustible', 19, '2025-03-31', NOW(), NOW()),
(3,'expense', 491.46, 'Pago relacionado con Otros gastos (otros)', 37, '2025-03-12', NOW(), NOW()),
(3,'expense', 456.01, 'Pago relacionado con Mantenimiento del hogar', 32, '2025-02-21', NOW(), NOW()),
(3,'expense', 6.46, 'Pago relacionado con Plan de pensiones', 43, '2025-03-22', NOW(), NOW()),
(3,'expense', 143.39, 'Pago relacionado con Suscripciones', 54, '2025-03-08', NOW(), NOW()),
(3,'expense', 448.18, 'Pago relacionado con ONGs', 35, '2025-02-01', NOW(), NOW()),
(3,'income', 245.22, 'Pago relacionado con Ingresos de impuestos', 23, '2025-01-01', NOW(), NOW()),
(3,'expense', 494.49, 'Pago relacionado con Otros gastos (otros)', 37, '2025-02-27', NOW(), NOW()),
(3,'expense', 319.99, 'Pago relacionado con Libros, música y videojuegos', 29, '2025-01-24', NOW(), NOW()),
(3,'income', 409.3, 'Pago relacionado con Ingresos de impuestos', 23, '2025-02-18', NOW(), NOW()),
(3,'expense', 471.58, 'Pago relacionado con Tarjetas financieras', 55, '2025-03-23', NOW(), NOW()),
(3,'income', 267.87, 'Pago relacionado con Ingresos por loteria', 26, '2025-02-02', NOW(), NOW()),
(3,'expense', 249.57, 'Pago relacionado con ONGs', 35, '2025-01-16', NOW(), NOW()),
(3,'income', 47.75, 'Pago relacionado con Ingresos de impuestos', 23, '2025-01-15', NOW(), NOW()),
(3,'expense', 396.65, 'Pago relacionado con Cafeterías y restaurantes', 6, '2025-01-24', NOW(), NOW()),
(3,'expense', 62.4, 'Pago relacionado con Abono de intereses', 1, '2025-02-10', NOW(), NOW()),
(3,'expense', 271.0, 'Pago relacionado con Dentista, médico', 13, '2025-01-30', NOW(), NOW()),
(3,'expense', 252.57, 'Pago relacionado con Hipoteca', 21, '2025-01-30', NOW(), NOW()),
(3,'income', 86.96, 'Pago relacionado con Nómina o Pensión', 34, '2025-02-01', NOW(), NOW()),
(3,'expense', 317.75, 'Pago relacionado con Otros préstamos y avales', 38, '2025-01-03', NOW(), NOW()),
(3,'expense', 248.06, 'Pago relacionado con Transporte público', 59, '2025-02-04', NOW(), NOW()),
(3,'expense', 68.47, 'Pago relacionado con Peluquería', 4, '2025-01-05', NOW(), NOW()),
(3,'expense', 425.63, 'Pago relacionado con Agua', 2, '2025-02-07', NOW(), NOW()),
(3,'expense', 68.39, 'Pago relacionado con Educación, salud y deporte', 15, '2025-01-05', NOW(), NOW()),
(3,'expense', 349.81, 'Pago relacionado con Comunidad derramas', 11, '2025-02-22', NOW(), NOW()),
(3,'expense', 85.54, 'Pago relacionado con Peluquería', 4, '2025-03-09', NOW(), NOW()),
(3,'expense', 425.48, 'Pago relacionado con Seguro de vida', 51, '2025-01-10', NOW(), NOW()),
(3,'expense', 422.25, 'Pago relacionado con Transporte público', 59, '2025-02-28', NOW(), NOW()),
(3,'expense', 421.13, 'Pago relacionado con Pago de multas', 39, '2025-02-01', NOW(), NOW()),
(3,'expense', 350.3, 'Pago relacionado con ONGs', 35, '2025-01-02', NOW(), NOW()),
(3,'expense', 465.5, 'Pago relacionado con Hotel y alojamiento', 22, '2025-02-09', NOW(), NOW()),
(3,'expense', 91.22, 'Pago relacionado con Seguro de vida', 51, '2025-03-29', NOW(), NOW()),
(3,'expense', 291.06, 'Pago relacionado con Cafeterías y restaurantes', 6, '2025-01-30', NOW(), NOW()),
(3,'expense', 423.51, 'Pago relacionado con Loterías y apuestas', 30, '2025-01-16', NOW(), NOW()),
(3,'expense', 241.14, 'Pago relacionado con Peajes', 42, '2025-02-28', NOW(), NOW()),
(3,'income', 467.53, 'Pago relacionado con Ingresos de impuestos', 23, '2025-03-29', NOW(), NOW()),
(3,'expense', 339.43, 'Pago relacionado con Seguro de hogar', 48, '2025-03-01', NOW(), NOW()),
(3,'expense', 67.63, 'Pago relacionado con Peluquería', 4, '2025-01-10', NOW(), NOW()),
(3,'expense', 346.89, 'Pago relacionado con Seguro de hogar', 48, '2025-01-22', NOW(), NOW()),
(3,'expense', 449.34, 'Pago relacionado con Libros, música y videojuegos', 29, '2025-01-22', NOW(), NOW()),
(3,'expense', 461.57, 'Pago relacionado con Billetes de viaje', 5, '2025-03-13', NOW(), NOW()),
(3,'expense', 453.85, 'Pago relacionado con Cajeros', 7, '2025-01-25', NOW(), NOW()),
(3,'expense', 229.84, 'Pago relacionado con Ropa y complementos', 47, '2025-02-18', NOW(), NOW()),
(3,'expense', 404.37, 'Pago relacionado con Plan de pensiones', 43, '2025-03-27', NOW(), NOW()),
(3,'expense', 204.49, 'Pago relacionado con Ropa y complementos', 47, '2025-02-21', NOW(), NOW()),
(3,'expense', 281.31, 'Pago relacionado con Alquiler de vehículo', 45, '2025-01-29', NOW(), NOW()),
(3,'expense', 445.9, 'Pago relacionado con Cafeterías y restaurantes', 6, '2025-03-24', NOW(), NOW()),
(3,'expense', 228.78, 'Pago relacionado con Sindicatos', 52, '2025-01-19', NOW(), NOW()),
(3,'expense', 403.81, 'Pago relacionado con Cajeros', 7, '2025-03-07', NOW(), NOW()),
(3,'expense', 57.6, 'Pago relacionado con ONGs', 35, '2025-01-12', NOW(), NOW()),
(3,'expense', 233.76, 'Pago relacionado con Comunidad', 10, '2025-02-22', NOW(), NOW()),
(3,'expense', 432.4, 'Pago relacionado con Óptica', 36, '2025-02-05', NOW(), NOW()),
(3,'income', 113.58, 'Pago relacionado con Ingresos por otros pagos', 27, '2025-01-30', NOW(), NOW()),
(3,'expense', 215.2, 'Pago relacionado con ONGs', 35, '2025-02-24', NOW(), NOW()),
(3,'expense', 373.75, 'Pago relacionado con Comunidad', 10, '2025-03-25', NOW(), NOW()),
(3,'income', 473.07, 'Pago relacionado con Ingresos de impuestos', 23, '2025-01-04', NOW(), NOW()),
(3,'expense', 192.63, 'Pago relacionado con Cine, teatro y espectáculos', 8, '2025-03-27', NOW(), NOW()),
(3,'expense', 119.42, 'Pago relacionado con Teléfono, TV e internet', 56, '2025-02-04', NOW(), NOW()),
(3,'expense', 299.72, 'Pago relacionado con Transferencias', 58, '2025-01-04', NOW(), NOW()),
(3,'expense', 77.55, 'Pago relacionado con Tren, avión, transporte', 60, '2025-01-17', NOW(), NOW()),
(3,'expense', 327.25, 'Pago relacionado con Teléfono, TV e internet', 56, '2025-03-12', NOW(), NOW()),
(3,'expense', 66.45, 'Pago relacionado con Cafeterías y restaurantes', 6, '2025-03-28', NOW(), NOW()),
(3,'expense', 95.68, 'Pago relacionado con Libros, música y videojuegos', 29, '2025-03-25', NOW(), NOW()),
(3,'expense', 116.08, 'Pago relacionado con Decoración y mobiliario', 12, '2025-01-16', NOW(), NOW()),
(3,'income', 74.88, 'Pago relacionado con Ingresos por otros pagos', 27, '2025-03-03', NOW(), NOW()),
(3,'expense', 140.97, 'Pago relacionado con Teléfono, TV e internet', 56, '2025-02-04', NOW(), NOW()),
(3,'expense', 488.89, 'Pago relacionado con Educación, salud y deporte', 15, '2025-02-23', NOW(), NOW()),
(3,'expense', 101.93, 'Pago relacionado con Seguro de vida', 51, '2025-03-06', NOW(), NOW()),
(3,'expense', 144.2, 'Pago relacionado con Deporte y gimnasio', 14, '2025-03-01', NOW(), NOW()),
(3,'expense', 148.73, 'Pago relacionado con Educación, salud y deporte', 15, '2025-01-12', NOW(), NOW()),
(3,'expense', 233.66, 'Pago relacionado con Hipoteca', 21, '2025-01-26', NOW(), NOW()),
(3,'expense', 245.63, 'Pago relacionado con Hipoteca', 21, '2025-03-04', NOW(), NOW()),
(3,'expense', 200.62, 'Pago relacionado con Gasolina y combustible', 19, '2025-03-26', NOW(), NOW()),
(3,'expense', 277.59, 'Pago relacionado con Mantenimiento del hogar', 32, '2025-03-14', NOW(), NOW()),
(3,'expense', 32.75, 'Pago relacionado con Seguro de vehículo', 50, '2025-03-13', NOW(), NOW()),
(3,'expense', 188.41, 'Pago relacionado con Transferencias', 58, '2025-03-09', NOW(), NOW()),
(3,'expense', 436.61, 'Pago relacionado con Gastos de inmobiliaria', 20, '2025-03-10', NOW(), NOW()),
(3,'expense', 193.06, 'Pago relacionado con Transporte público', 59, '2025-03-27', NOW(), NOW()),
(3,'income', 244.57, 'Pago relacionado con Ingresos por regalos', 28, '2025-03-15', NOW(), NOW()),
(3,'expense', 74.09, 'Pago relacionado con Suscripciones', 54, '2025-02-17', NOW(), NOW()),
(3,'income', 335.27, 'Pago relacionado con Ingresos por loteria', 26, '2025-03-24', NOW(), NOW()),
(3,'expense', 387.79, 'Pago relacionado con Otros préstamos y avales', 38, '2025-02-21', NOW(), NOW()),
(3,'expense', 28.38, 'Pago relacionado con Sindicatos', 52, '2025-01-09', NOW(), NOW()),
(3,'expense', 360.74, 'Pago relacionado con Gasolina y combustible', 19, '2025-03-06', NOW(), NOW()),
(3,'expense', 234.05, 'Pago relacionado con Gasolina y combustible', 19, '2025-03-23', NOW(), NOW()),
(3,'expense', 432.6, 'Pago relacionado con Educación, salud y deporte', 15, '2025-03-09', NOW(), NOW()),
(3,'expense', 237.45, 'Pago relacionado con Comunidad', 10, '2025-02-08', NOW(), NOW()),
(3,'expense', 357.44, 'Pago relacionado con Tarjetas financieras', 55, '2025-02-22', NOW(), NOW()),
(3,'expense', 221.61, 'Pago relacionado con Mantenimiento del vehículo', 33, '2025-02-01', NOW(), NOW()),
(3,'expense', 328.75, 'Pago relacionado con Billetes de viaje', 5, '2025-02-21', NOW(), NOW()),
(3,'expense', 143.17, 'Pago relacionado con Sindicatos', 52, '2025-03-05', NOW(), NOW()),
(3,'expense', 254.25, 'Pago relacionado con ONGs', 35, '2025-01-22', NOW(), NOW()),
(3,'expense', 276.79, 'Pago relacionado con Otros préstamos y avales', 38, '2025-03-10', NOW(), NOW()),
(3,'expense', 375.45, 'Pago relacionado con Mantenimiento del hogar', 32, '2025-02-01', NOW(), NOW()),
(3,'expense', 134.63, 'Pago relacionado con Mantenimiento del hogar', 32, '2025-01-31', NOW(), NOW()),
(3,'expense', 398.4, 'Pago relacionado con Pagos impuestos', 40, '2025-02-09', NOW(), NOW()),
(3,'expense', 153.99, 'Pago relacionado con Loterías y apuestas', 30, '2025-03-29', NOW(), NOW()),
(3,'income', 296.82, 'Pago relacionado con Ingresos por regalos', 28, '2025-03-26', NOW(), NOW()),
(3,'expense', 279.96, 'Pago relacionado con Electrónica', 16, '2025-02-25', NOW(), NOW()),
(3,'expense', 429.82, 'Pago relacionado con Dentista, médico', 13, '2025-03-24', NOW(), NOW()),
(3,'expense', 261.75, 'Pago relacionado con Otros gastos (otros)', 37, '2025-01-27', NOW(), NOW()),
(3,'expense', 172.54, 'Pago relacionado con Seguro de hogar', 48, '2025-03-01', NOW(), NOW()),
(3,'expense', 189.27, 'Pago relacionado con Tren, avión, transporte', 60, '2025-02-06', NOW(), NOW()),
(3,'expense', 76.17, 'Pago relacionado con Cafeterías y restaurantes', 6, '2025-01-31', NOW(), NOW()),
(3,'expense', 126.92, 'Pago relacionado con Suscripciones', 54, '2025-01-18', NOW(), NOW()),
(3,'income', 290.17, 'Pago relacionado con Ingresos por indemnizaciones', 25, '2025-01-25', NOW(), NOW()),
(3,'expense', 129.7, 'Pago relacionado con Educación, salud y deporte', 15, '2025-02-19', NOW(), NOW()),
(3,'expense', 246.56, 'Pago relacionado con Luz y gas', 31, '2025-02-18', NOW(), NOW()),
(3,'expense', 448.08, 'Pago relacionado con Seguro de vida', 51, '2025-01-21', NOW(), NOW()),
(3,'expense', 348.51, 'Pago relacionado con Sindicatos', 52, '2025-02-06', NOW(), NOW()),
(3,'expense', 195.71, 'Pago relacionado con Educación, salud y deporte', 15, '2025-03-24', NOW(), NOW()),
(3,'income', 494.78, 'Pago relacionado con Ingresos por otros pagos', 27, '2025-03-01', NOW(), NOW()),
(3,'expense', 71.96, 'Pago relacionado con Seguro de vida', 51, '2025-02-15', NOW(), NOW()),
(3,'expense', 239.52, 'Pago relacionado con Billetes de viaje', 5, '2025-02-22', NOW(), NOW()),
(3,'expense', 64.55, 'Pago relacionado con Peajes', 42, '2025-03-05', NOW(), NOW()),
(3,'income', 417.85, 'Pago relacionado con Nómina o Pensión', 34, '2025-02-22', NOW(), NOW()),
(3,'expense', 149.48, 'Pago relacionado con Comunidad', 10, '2025-02-03', NOW(), NOW()),
(3,'expense', 142.62, 'Pago relacionado con Hipoteca', 21, '2025-01-16', NOW(), NOW()),
(3,'expense', 138.56, 'Pago relacionado con Educación, salud y deporte', 15, '2025-02-25', NOW(), NOW()),
(3,'income', 48.81, 'Pago relacionado con Ingresos de impuestos', 23, '2025-02-08', NOW(), NOW()),
(3,'expense', 479.15, 'Pago relacionado con Otros gastos (otros)', 37, '2025-03-12', NOW(), NOW()),
(3,'expense', 74.7, 'Pago relacionado con Regalos y juguetes', 46, '2025-01-06', NOW(), NOW()),
(3,'expense', 418.92, 'Pago relacionado con Ropa y complementos', 47, '2025-03-18', NOW(), NOW()),
(3,'expense', 436.49, 'Pago relacionado con Cafeterías y restaurantes', 6, '2025-02-18', NOW(), NOW()),
(3,'expense', 85.9, 'Pago relacionado con Parking y garaje', 41, '2025-03-21', NOW(), NOW()),
(3,'expense', 444.42, 'Pago relacionado con Óptica', 36, '2025-01-15', NOW(), NOW()),
(3,'expense', 10.66, 'Pago relacionado con Luz y gas', 31, '2025-03-16', NOW(), NOW()),
(3,'expense', 402.18, 'Pago relacionado con Ropa y complementos', 47, '2025-02-02', NOW(), NOW()),
(3,'income', 386.81, 'Pago relacionado con Ingresos por indemnizaciones', 25, '2025-03-07', NOW(), NOW()),
(3,'expense', 422.57, 'Pago relacionado con Transferencias', 58, '2025-02-06', NOW(), NOW()),
(3,'expense', 248.34, 'Pago relacionado con Otros gastos (otros)', 37, '2025-03-13', NOW(), NOW()),
(3,'expense', 481.32, 'Pago relacionado con Mantenimiento del vehículo', 33, '2025-01-02', NOW(), NOW()),
(3,'expense', 134.76, 'Pago relacionado con Suscripciones', 54, '2025-02-07', NOW(), NOW()),
(3,'expense', 319.9, 'Pago relacionado con Ropa y complementos', 47, '2025-01-05', NOW(), NOW()),
(3,'expense', 336.93, 'Pago relacionado con Alquiler de vehículo', 45, '2025-03-01', NOW(), NOW()),
(3,'expense', 132.98, 'Pago relacionado con Seguro de salud', 49, '2025-02-02', NOW(), NOW()),
(3,'expense', 40.66, 'Pago relacionado con Cajeros', 7, '2025-01-12', NOW(), NOW()),
(3,'expense', 322.58, 'Pago relacionado con Pago de multas', 39, '2025-01-21', NOW(), NOW()),
(3,'expense', 151.35, 'Pago relacionado con Gasolina y combustible', 19, '2025-02-17', NOW(), NOW()),
(3,'expense', 260.46, 'Pago relacionado con Transacción entre cuentas', 57, '2025-03-11', NOW(), NOW()),
(3,'expense', 206.0, 'Pago relacionado con Otros gastos (otros)', 37, '2025-01-01', NOW(), NOW()),
(3,'expense', 451.65, 'Pago relacionado con Comunidad derramas', 11, '2025-02-03', NOW(), NOW()),
(3,'expense', 158.76, 'Pago relacionado con Abono de intereses', 1, '2025-01-06', NOW(), NOW()),
(3,'expense', 232.45, 'Pago relacionado con Billetes de viaje', 5, '2025-02-15', NOW(), NOW()),
(3,'expense', 9.26, 'Pago relacionado con Regalos y juguetes', 46, '2025-03-22', NOW(), NOW()),
(3,'expense', 175.65, 'Pago relacionado con Cine, teatro y espectáculos', 8, '2025-01-30', NOW(), NOW()),
(3,'expense', 79.76, 'Pago relacionado con Cafeterías y restaurantes', 6, '2025-02-16', NOW(), NOW()),
(3,'expense', 279.25, 'Pago relacionado con Cine, teatro y espectáculos', 8, '2025-03-03', NOW(), NOW()),
(3,'expense', 298.44, 'Pago relacionado con Comisiones e intereses', 9, '2025-01-28', NOW(), NOW()),
(3,'expense', 247.57, 'Pago relacionado con Tren, avión, transporte', 60, '2025-02-08', NOW(), NOW()),
(3,'expense', 23.12, 'Pago relacionado con Luz y gas', 31, '2025-02-18', NOW(), NOW()),
(3,'income', 101.72, 'Pago relacionado con Ingresos por indemnizaciones', 25, '2025-01-21', NOW(), NOW()),
(3,'expense', 57.45, 'Pago relacionado con Gastos de inmobiliaria', 20, '2025-01-05', NOW(), NOW()),
(3,'expense', 384.85, 'Pago relacionado con Peajes', 42, '2025-02-25', NOW(), NOW()),
(3,'expense', 23.0, 'Pago relacionado con Luz y gas', 31, '2025-01-31', NOW(), NOW()),
(3,'expense', 100.77, 'Pago relacionado con Luz y gas', 31, '2025-03-16', NOW(), NOW()),
(3,'expense', 269.28, 'Pago relacionado con Seguro de vida', 51, '2025-02-18', NOW(), NOW()),
(3,'expense', 323.33, 'Pago relacionado con Tren, avión, transporte', 60, '2025-02-10', NOW(), NOW()),
(3,'expense', 139.11, 'Pago relacionado con Farmacia, herbolario y nutrición', 17, '2025-03-27', NOW(), NOW()),
(3,'expense', 62.1, 'Pago relacionado con Fianza y garantia como inquilino', 18, '2025-01-01', NOW(), NOW()),
(3,'expense', 450.17, 'Pago relacionado con Educación, salud y deporte', 15, '2025-01-22', NOW(), NOW()),
(3,'expense', 427.78, 'Pago relacionado con Luz y gas', 31, '2025-01-04', NOW(), NOW()),
(3,'expense', 199.47, 'Pago relacionado con Cafeterías y restaurantes', 6, '2025-01-18', NOW(), NOW()),
(3,'expense', 416.81, 'Pago relacionado con Transacción entre cuentas', 57, '2025-03-04', NOW(), NOW()),
(3,'expense', 406.06, 'Pago relacionado con Dentista, médico', 13, '2025-02-23', NOW(), NOW()),
(3,'expense', 446.56, 'Pago relacionado con ONGs', 35, '2025-03-04', NOW(), NOW()),
(3,'expense', 306.01, 'Pago relacionado con Supermercados y alimentación', 53, '2025-02-26', NOW(), NOW()),
(3,'expense', 88.13, 'Pago relacionado con Farmacia, herbolario y nutrición', 17, '2025-01-24', NOW(), NOW()),
(3,'expense', 111.12, 'Pago relacionado con Cajeros', 7, '2025-03-07', NOW(), NOW()),
(3,'expense', 389.98, 'Pago relacionado con Luz y gas', 31, '2025-02-01', NOW(), NOW()),
(3,'expense', 47.98, 'Pago relacionado con Suscripciones', 54, '2025-02-06', NOW(), NOW()),
(3,'expense', 73.71, 'Pago relacionado con Ropa y complementos', 47, '2025-02-22', NOW(), NOW()),
(3,'expense', 253.48, 'Pago relacionado con Fianza y garantia como inquilino', 18, '2025-02-28', NOW(), NOW()),
(3,'expense', 87.26, 'Pago relacionado con Billetes de viaje', 5, '2025-03-29', NOW(), NOW()),
(3,'expense', 42.5, 'Pago relacionado con Comisiones e intereses', 9, '2025-03-27', NOW(), NOW()),
(3,'expense', 11.3, 'Pago relacionado con Abono de intereses', 1, '2025-02-11', NOW(), NOW()),
(3,'expense', 467.22, 'Pago relacionado con Farmacia, herbolario y nutrición', 17, '2025-01-01', NOW(), NOW()),
(3,'expense', 445.72, 'Pago relacionado con Cajeros', 7, '2025-02-21', NOW(), NOW()),
(3,'expense', 291.38, 'Pago relacionado con Transporte público', 59, '2025-01-22', NOW(), NOW()),
(3,'expense', 195.53, 'Pago relacionado con Pagos impuestos', 40, '2025-02-13', NOW(), NOW()),
(3,'expense', 339.22, 'Pago relacionado con Suscripciones', 54, '2025-01-16', NOW(), NOW()),
(3,'expense', 450.94, 'Pago relacionado con Ropa y complementos', 47, '2025-01-04', NOW(), NOW()),
(3,'expense', 310.22, 'Pago relacionado con Deporte y gimnasio', 14, '2025-03-18', NOW(), NOW()),
(3,'expense', 476.11, 'Pago relacionado con Peajes', 42, '2025-01-19', NOW(), NOW()),
(3,'expense', 287.05, 'Pago relacionado con Libros, música y videojuegos', 29, '2025-02-16', NOW(), NOW()),
(3,'expense', 368.64, 'Pago relacionado con Regalos y juguetes', 46, '2025-01-21', NOW(), NOW()),
(3,'expense', 16.85, 'Pago relacionado con Cajeros', 7, '2025-02-25', NOW(), NOW()),
(3,'expense', 345.39, 'Pago relacionado con Decoración y mobiliario', 12, '2025-02-19', NOW(), NOW()),
(3,'expense', 445.12, 'Pago relacionado con Educación, salud y deporte', 15, '2025-02-14', NOW(), NOW()),
(3,'expense', 132.39, 'Pago relacionado con Teléfono, TV e internet', 56, '2025-01-15', NOW(), NOW()),
(3,'expense', 74.0, 'Pago relacionado con Transacción entre cuentas', 57, '2025-02-19', NOW(), NOW());

-- Poblamiento de la tabla Budgets
INSERT INTO `Budgets` (`idUser`, `idCategory`, `limitAmount`, `month`, `createdAt`) VALUES
(1, 1, 100.00, '01', NOW()),
(1, 2, 50.00, '01', NOW()),
(1, 3, 300.00, '01', NOW()),
(1, 4, 25.00, '01', NOW()),
(1, 5, 100.00, '01', NOW()),
(1, 6, 150.00, '01', NOW()),
(1, 7, 80.00, '02', NOW()),
(1, 8, 50.00, '02', NOW()),
(1, 9, 200.00, '02', NOW()),
(1, 10, 40.00, '02', NOW()),
(1, 11, 120.00, '02', NOW()),
(1, 12, 80.00, '02', NOW()),
(1, 1, 100.00, '03', NOW()),
(1, 2, 50.00, '03', NOW()),
(1, 3, 300.00, '03', NOW()),
(1, 4, 25.00, '03', NOW()),
(1, 5, 100.00, '03', NOW()),
(1, 6, 150.00, '03', NOW()),

(2, 1, 120.00, '01', NOW()),
(2, 2, 60.00, '01', NOW()),
(2, 3, 350.00, '01', NOW()),
(2, 4, 30.00, '01', NOW()),
(2, 5, 120.00, '01', NOW()),
(2, 6, 170.00, '01', NOW()),
(2, 7, 90.00, '02', NOW()),
(2, 8, 60.00, '02', NOW()),
(2, 9, 220.00, '02', NOW()),
(2, 10, 50.00, '02', NOW()),
(2, 11, 140.00, '02', NOW()),
(2, 12, 90.00, '02', NOW()),
(2, 1, 120.00, '03', NOW()),
(2, 2, 60.00, '03', NOW()),
(2, 3, 350.00, '03', NOW()),
(2, 4, 30.00, '03', NOW()),
(2, 5, 120.00, '03', NOW()),
(2, 6, 170.00, '03', NOW()),

(3, 1, 80.00, '01', NOW()),
(3, 2, 40.00, '01', NOW()),
(3, 3, 200.00, '01', NOW()),
(3, 4, 20.00, '01', NOW()),
(3, 5, 60.00, '01', NOW()),
(3, 6, 100.00, '01', NOW()),
(3, 7, 70.00, '02', NOW()),
(3, 8, 40.00, '02', NOW()),
(3, 9, 180.00, '02', NOW()),
(3, 10, 35.00, '02', NOW()),
(3, 11, 100.00, '02', NOW()),
(3, 12, 70.00, '02', NOW()),
(3, 1, 80.00, '03', NOW()),
(3, 2, 40.00, '03', NOW()),
(3, 3, 200.00, '03', NOW()),
(3, 4, 20.00, '03', NOW()),
(3, 5, 60.00, '03', NOW()),
(3, 6, 100.00, '03', NOW());

-- Poblamiento de la tabla Goals
INSERT INTO `Goals` (`idUser`, `title`, `targetAmount`, `currentAmount`, `deadline`, `createdAt`) VALUES
(1, 'Ahorrar para vacaciones', 2000.00, 500.00, '2025-06-01', NOW()),
(1, 'Comprar un coche nuevo', 15000.00, 2000.00, '2026-01-01', NOW()),
(1, 'Fondo de emergencia', 3000.00, 800.00, '2025-09-01', NOW()),
(2, 'Comprar una casa', 50000.00, 10000.00, '2027-01-01', NOW()),
(2, 'Fondo para estudios', 10000.00, 1500.00, '2025-12-31', NOW()),
(2, 'Ahorrar para boda', 8000.00, 2500.00, '2025-11-01', NOW()),
(3, 'Reparar mi coche', 3000.00, 1000.00, '2025-06-01', NOW()),
(3, 'Ir a una escuela de arte', 5000.00, 800.00, '2025-09-01', NOW()),
(3, 'Crear fondo para emergencias', 2000.00, 500.00, '2025-12-01', NOW());
