SET NAMES 'utf8mb4';

INSERT INTO Categories (idCategory, name, icon) VALUES (1, 'Abono de intereses', 'fa-piggy-bank'),
(2, 'Agua', 'fa-tint'),
(3, 'Alquiler como inquilino', 'fa-home'),
(4, 'Peluquería', 'fa-cut'),
(5, 'Billetes de viaje', 'fa-ticket-alt'),
(6, 'Cafeterías y restaurantes', 'fa-utensils'),
(7, 'Cajeros', 'fa-money-bill-wave'),
(8, 'Cine, teatro y espectáculos', 'fa-film'),
(9, 'Comisiones e intereses', 'fa-percentage'),
(10, 'Comunidad', 'fa-building'),
(11, 'Comunidad derramas', 'fa-tools'),
(12, 'Decoración y mobiliario', 'fa-couch'),
(13, 'Dentista, médico', 'fa-user-md'),
(14, 'Deporte y gimnasio', 'fa-dumbbell'),
(15, 'Educación, salud y deporte', 'fa-graduation-cap'),
(16, 'Electrónica', 'fa-tv'),
(17, 'Farmacia, herbolario y nutrición', 'fa-prescription-bottle-alt'),
(18, 'Fianza y garantia como inquilino', 'fa-key'),
(19, 'Gasolina y combustible', 'fa-gas-pump'),
(20, 'Gastos de inmobiliaria', 'fa-city'),
(21, 'Hipoteca', 'fa-file-invoice-dollar'),
(22, 'Hotel y alojamiento', 'fa-hotel'),
(23, 'Ingresos de impuestos', 'fa-receipt'),
(24, 'Ingresos de seguros', 'fa-shield-alt'),
(25, 'Ingresos por indemnizaciones', 'fa-hand-holding-usd'),
(26, 'Ingresos por loteria', 'fa-ticket-alt'),
(27, 'Ingresos por otros pagos', 'fa-gift'),
(28, 'Ingresos por regalos', 'fa-gift'),
(29, 'Libros, música y videojuegos', 'fa-book'),
(30, 'Loterías y apuestas', 'fa-dice'),
(31, 'Luz y gas', 'fa-bolt'),
(32, 'Mantenimiento del hogar', 'fa-tools'),
(33, 'Mantenimiento del vehículo', 'fa-car'),
(34, 'Nómina o Pensión', 'fa-briefcase'),
(35, 'ONGs', 'fa-hand-holding-heart'),
(36, 'Óptica', 'fa-glasses'),
(37, 'Otros gastos (otros)', 'fa-ellipsis-h'),
(38, 'Otros préstamos y avales', 'fa-handshake'),
(39, 'Pago de multas', 'fa-gavel'),
(40, 'Pagos impuestos', 'fa-file-invoice'),
(41, 'Parking y garaje', 'fa-parking'),
(42, 'Peajes', 'fa-road'),
(43, 'Plan de pensiones', 'fa-piggy-bank'),
(44, 'Prestación por desempleo', 'fa-user-times'),
(45, 'Alquiler de vehículo', 'fa-car-side'),
(46, 'Regalos y juguetes', 'fa-gift'),
(47, 'Ropa y complementos', 'fa-tshirt'),
(48, 'Seguro de hogar', 'fa-home'),
(49, 'Seguro de salud', 'fa-heartbeat'),
(50, 'Seguro de vehículo', 'fa-car-crash'),
(51, 'Seguro de vida', 'fa-heart'),
(52, 'Sindicatos', 'fa-users'),
(53, 'Supermercados y alimentación', 'fa-shopping-cart'),
(54, 'Suscripciones', 'fa-calendar-check'),
(55, 'Tarjetas financieras', 'fa-credit-card'),
(56, 'Teléfono, TV e internet', 'fa-wifi'),
(57, 'Transacción entre cuentas', 'fa-random'),
(58, 'Transferencias', 'fa-exchange-alt'),
(59, 'Transporte público', 'fa-bus'),
(60, 'Tren, avión, transporte', 'fa-plane');

INSERT INTO Users (idUser, name, email, password, isAdmin) VALUES /* Las contraseñas son 1234 en todos */
(1,'admin','admin@gmail.com','$2b$10$Cihkkdcr5YktmJhHUUnPReL6sxvqHR5x7jfQTy/ImQcPJIEulh0VO',1),
(2,'Juan Ramon Gomez Laserna','juan@gmail.com','$2b$10$PJ.kMtM08jJylZzafAw9luy3dkjqdpBqWD4956NQaJ/zltCR..Bce',0),
(3,'Pedro Pero Perez Crespo','pedro@gmail.com','$2b$10$fQehzBv5UyRT20M36UN1Xu0/wvG61ACDbHj9p3UjkF67J3d7WYeCe',0);

INSERT INTO Transactions (idTransaction, idUser, type, amount, description, idCategory, date, balance) 
VALUES (1,1,'expense',376.86,'Pago relacionado con Mantenimiento del vehículo',33,'2025-02-04',5055.85),
       (2,1,'expense',392.58,'Pago relacionado con Transporte público',59,'2025-02-07',6025.62),
       (3,1,'expense',64.78,'Pago relacionado con Libros, música y videojuegos',29,'2025-02-16',6110.18),
       (4,1,'expense',167.10,'Pago relacionado con Comisiones e intereses',9,'2025-01-14',1258.08),
       (5,1,'expense',90.05,'Pago relacionado con Dentista, médico',13,'2025-02-03',5220.93),
       (6,1,'expense',236.25,'Pago relacionado con Electrónica',16,'2025-02-14',6092.51),
       (7,1,'income',126.84,'Ingreso relacionado con Ingresos por regalos',28,'2025-01-29',2818.81),
       (8,1,'expense',194.91,'Pago relacionado con Agua',2,'2025-03-04',9439.46),
       (9,1,'expense',73.22,'Pago relacionado con Deporte y gimnasio',14,'2025-02-16',6036.96),
       (10,1,'income',2000.00,'Ingreso relacionado con Transacción entre cuentas',57,'2025-03-29',13375.36),
       (11,1,'expense',448.60,'Pago relacionado con Alquiler de vehículo',45,'2025-01-12',2499.88),
       (12,1,'expense',42.59,'Pago relacionado con Alquiler de vehículo',45,'2025-03-31',13286.75),
       (13,1,'income',212.66,'Ingreso relacionado con Ingresos de impuestos',23,'2025-03-15',11917.32),
       (14,1,'expense',76.77,'Pago relacionado con Supermercados y alimentación',53,'2025-02-11',6171.01),
       (15,1,'expense',258.26,'Pago relacionado con Alquiler de vehículo',45,'2025-01-23',-243.30),
       (16,1,'expense',53.93,'Pago relacionado con Dentista, médico',13,'2025-02-06',5503.96),
       (17,1,'expense',284.82,'Pago relacionado con Transacción entre cuentas',57,'2025-01-25',-169.39),
       (18,1,'income',81.14,'Ingreso relacionado con Peluquería',4,'2025-01-19',-395.72),
       (19,1,'expense',219.32,'Pago relacionado con Billetes de viaje',5,'2025-01-01',9387.68),
       (20,1,'expense',470.87,'Pago relacionado con Comisiones e intereses',9,'2025-01-05',6205.14),
       (21,1,'expense',252.03,'Pago relacionado con Fianza y garantia como inquilino',18,'2025-01-26',2602.04),
       (22,1,'income',353.67,'Ingreso relacionado con Ingresos por indemnizaciones',25,'2025-02-05',5139.91),
       (23,1,'income',422.17,'Ingreso relacionado con Cafeterías y restaurantes',6,'2025-02-08',6572.75),
       (24,1,'expense',420.51,'Pago relacionado con Transferencias',58,'2025-03-22',11373.21),
       (25,1,'expense',31.27,'Pago relacionado con Tarjetas financieras',55,'2025-02-20',6362.04),
       (26,1,'expense',209.98,'Pago relacionado con Farmacia, herbolario y nutrición',17,'2025-01-16',53.92),
       (27,1,'expense',144.58,'Pago relacionado con Farmacia, herbolario y nutrición',17,'2025-01-14',1113.50),
       (28,1,'expense',481.25,'Pago relacionado con Seguro de hogar',48,'2025-03-16',11680.64),
       (29,1,'expense',134.31,'Pago relacionado con Transacción entre cuentas',57,'2025-02-17',6109.94),
       (30,1,'expense',263.85,'Pago relacionado con Comunidad',10,'2025-03-01',9456.66),
       (31,1,'expense',79.68,'Pago relacionado con Plan de pensiones',43,'2025-01-18',-150.47),
       (32,1,'expense',330.19,'Pago relacionado con Tren, avión, transporte',60,'2025-01-11',2989.50),
       (33,1,'expense',56.54,'Pago relacionado con Gasolina y combustible',19,'2025-02-11',6114.47),
       (34,1,'expense',190.23,'Pago relacionado con Seguro de hogar',48,'2025-02-10',6013.41),
       (35,1,'expense',107.32,'Pago relacionado con Comunidad derramas',11,'2025-01-24',126.90),
       (36,1,'expense',382.81,'Pago relacionado con Tren, avión, transporte',60,'2025-01-12',2117.07),
       (37,1,'expense',413.98,'Pago relacionado con Óptica',36,'2025-01-08',4233.78),
       (38,1,'expense',109.53,'Pago relacionado con Transferencias',58,'2025-03-19',11402.34),
       (39,1,'income',339.43,'Ingreso relacionado con Loterías y apuestas',30,'2025-03-20',11701.88),
       (40,1,'income',477.52,'Ingreso relacionado con Peajes',42,'2025-01-23',234.22),
       (41,1,'expense',214.76,'Pago relacionado con Otros gastos (otros)',37,'2025-03-18',11710.95),
       (42,1,'income',384.49,'Ingreso relacionado con Ingresos por indemnizaciones',25,'2025-01-04',7444.57),
       (43,1,'expense',361.28,'Pago relacionado con Cine, teatro y espectáculos',8,'2025-02-24',9551.87),
       (44,1,'income',277.11,'Ingreso relacionado con Ingresos de impuestos',23,'2025-01-12',2394.18),
       (45,1,'expense',26.56,'Pago relacionado con Mantenimiento del vehículo',33,'2025-02-10',5986.85),
       (46,1,'expense',269.54,'Pago relacionado con Plan de pensiones',43,'2025-02-25',9476.93),
       (47,1,'expense',212.86,'Pago relacionado con Comunidad',10,'2025-01-25',-382.25),
       (48,1,'income',3400.00,'Ingreso relacionado con Transacción entre cuentas',57,'2025-01-25',3017.75),
       (49,1,'expense',126.96,'Pago relacionado con Comisiones e intereses',9,'2025-02-26',9791.97),
       (50,1,'expense',67.40,'Pago relacionado con Seguro de hogar',48,'2025-02-25',9409.53),
       (51,1,'expense',196.11,'Pago relacionado con Gasolina y combustible',19,'2025-01-08',4037.67),
       (52,1,'income',306.07,'Ingreso relacionado con Ingresos por loteria',26,'2025-02-13',6524.29),
       (53,1,'expense',464.86,'Pago relacionado con Ropa y complementos',47,'2025-03-27',11466.21),
       (54,1,'expense',304.50,'Pago relacionado con Transferencias',58,'2025-01-22',-295.63),
       (55,1,'expense',159.83,'Pago relacionado con Transacción entre cuentas',57,'2025-02-24',9392.04),
       (56,1,'expense',241.48,'Pago relacionado con Mantenimiento del hogar',32,'2025-02-27',9635.93),
       (57,1,'expense',37.60,'Pago relacionado con Suscripciones',54,'2025-02-23',9995.98),
       (58,1,'expense',353.44,'Pago relacionado con Seguro de salud',49,'2025-01-29',2465.37),
       (59,1,'expense',307.78,'Pago relacionado con Educación, salud y deporte',15,'2025-03-18',11403.17),
       (60,1,'income',290.13,'Ingreso relacionado con Ingresos por otros pagos',27,'2025-02-18',6174.63),
       (61,1,'expense',144.82,'Pago relacionado con Decoración y mobiliario',12,'2025-01-31',2812.42),
       (62,1,'expense',187.85,'Pago relacionado con Parking y garaje',41,'2025-03-07',9609.13),
       (63,1,'expense',225.39,'Pago relacionado con Teléfono, TV e internet',56,'2025-01-05',5979.75),
       (64,1,'income',115.05,'Ingreso relacionado con Ingresos por loteria',26,'2025-02-12',6218.22),
       (65,1,'income',267.87,'Ingreso relacionado con Ingresos por indemnizaciones',25,'2025-03-05',10467.37),
       (66,1,'expense',144.90,'Pago relacionado con Parking y garaje',41,'2025-01-17',-281.11),
       (67,1,'expense',63.19,'Pago relacionado con Fianza y garantia como inquilino',18,'2025-01-04',7381.38),
       (68,1,'income',183.12,'Ingreso relacionado con Mantenimiento del vehículo',33,'2025-02-24',9575.16),
       (69,1,'expense',25.24,'Pago relacionado con Seguro de vida',51,'2025-03-07',9583.89),
       (70,1,'income',196.53,'Ingreso relacionado con Ingresos por indemnizaciones',25,'2025-03-10',9609.98),
       (71,1,'expense',41.02,'Pago relacionado con Libros, música y videojuegos',29,'2025-01-11',2948.48),
       (72,1,'income',286.90,'Ingreso relacionado con Ingresos por loteria',26,'2025-01-16',340.82),
       (73,1,'expense',181.08,'Pago relacionado con ONGs',35,'2025-03-29',13194.28),
       (74,1,'income',302.81,'Ingreso relacionado con Ingresos por loteria',26,'2025-02-07',6328.43),
       (75,1,'expense',242.67,'Pago relacionado con Otros préstamos y avales',38,'2025-01-13',1904.52),
       (76,1,'expense',139.69,'Pago relacionado con Comisiones e intereses',9,'2025-03-27',11326.52),
       (77,1,'income',393.61,'Ingreso relacionado con Gastos de inmobiliaria',20,'2025-01-26',2995.65),
       (78,1,'expense',252.51,'Pago relacionado con Educación, salud y deporte',15,'2025-02-02',4773.91),
       (79,1,'expense',383.06,'Pago relacionado con Pagos impuestos',40,'2025-01-07',4647.76),
       (80,1,'income',2345.45,'Ingreso relacionado con Nómina o Pensión',34,'2025-03-11',12115.25),
       (81,1,'expense',382.47,'Pago relacionado con Farmacia, herbolario y nutrición',17,'2025-01-01',9005.21),
       (82,1,'income',272.37,'Ingreso relacionado con Cafeterías y restaurantes',6,'2025-03-22',11645.58),
       (83,1,'expense',14.42,'Pago relacionado con Alquiler de vehículo',45,'2025-02-05',5125.49),
       (84,1,'income',403.36,'Ingreso relacionado con Cajeros',7,'2025-03-20',12105.24),
       (85,1,'expense',225.62,'Pago relacionado con Comunidad',10,'2025-03-20',11879.62),
       (86,1,'expense',63.50,'Pago relacionado con Alquiler como inquilino',3,'2025-03-01',9393.16),
       (87,1,'income',278.75,'Ingreso relacionado con Ingresos de impuestos',23,'2025-02-24',9853.91),
       (88,1,'income',466.48,'Ingreso relacionado con Seguro de salud',49,'2025-03-04',9905.94),
       (89,1,'income',287.87,'Ingreso relacionado con Luz y gas',31,'2025-01-17',6.76),
       (90,1,'income',265.04,'Ingreso relacionado con Alquiler de vehículo',45,'2025-03-02',9838.74),
       (91,1,'expense',174.60,'Pago relacionado con Plan de pensiones',43,'2025-01-14',938.90),
       (92,1,'expense',58.26,'Pago relacionado con Loterías y apuestas',30,'2025-02-15',6479.37),
       (93,1,'expense',201.26,'Pago relacionado con Alquiler de vehículo',45,'2025-01-05',5778.49),
       (94,1,'expense',87.81,'Pago relacionado con Parking y garaje',41,'2025-03-23',11542.05),
       (95,1,'expense',389.35,'Pago relacionado con Libros, música y videojuegos',29,'2025-02-03',4831.58),
       (96,1,'expense',196.49,'Pago relacionado con Electrónica',16,'2025-01-08',3841.18),
       (97,1,'expense',220.57,'Pago relacionado con Mantenimiento del vehículo',33,'2025-02-26',9571.40),
       (98,1,'income',311.44,'Ingreso relacionado con Libros, música y videojuegos',29,'2025-02-01',2890.06),
       (99,1,'expense',305.66,'Pago relacionado con Peajes',42,'2025-01-03',7377.83),
       (100,1,'expense',468.72,'Pago relacionado con Fianza y garantia como inquilino',18,'2025-02-07',5859.71),
       (101,1,'expense',39.89,'Pago relacionado con Alquiler como inquilino',3,'2025-03-19',11362.45),
       (102,1,'expense',322.64,'Pago relacionado con Transferencias',58,'2025-02-24',9531.27),
       (103,1,'income',356.50,'Ingreso relacionado con Ingresos por regalos',28,'2025-03-16',12037.14),
       (104,1,'expense',479.34,'Pago relacionado con Seguro de vida',51,'2025-01-13',1425.18),
       (105,1,'expense',307.37,'Pago relacionado con Peajes',42,'2025-03-04',9598.57),
       (106,1,'income',490.17,'Ingreso relacionado con Ingresos de seguros',24,'2025-01-26',3485.82),
       (107,1,'expense',116.63,'Pago relacionado con Cajeros',7,'2025-01-16',224.19),
       (108,1,'expense',145.94,'Pago relacionado con Seguro de vida',51,'2025-01-14',792.96),
       (109,1,'income',340.13,'Ingreso relacionado con Alquiler como inquilino',3,'2025-03-31',13626.88),
       (110,1,'expense',292.02,'Pago relacionado con Gasolina y combustible',19,'2025-03-31',13334.86),
       (111,1,'expense',491.46,'Pago relacionado con Otros gastos (otros)',37,'2025-03-12',11363.33),
       (112,1,'expense',456.01,'Pago relacionado con Mantenimiento del hogar',32,'2025-02-21',5906.03),
       (113,1,'expense',6.46,'Pago relacionado con Plan de pensiones',43,'2025-03-22',11639.12),
       (114,1,'expense',143.39,'Pago relacionado con Suscripciones',54,'2025-03-08',10120.00),
       (115,1,'income',448.18,'Ingreso relacionado con ONGs',35,'2025-02-01',3338.24),
       (116,1,'income',245.22,'Ingreso relacionado con Ingresos de impuestos',23,'2025-01-01',9250.43),
       (117,1,'income',494.49,'Ingreso relacionado con Otros gastos (otros)',37,'2025-02-27',10130.42),
       (118,1,'expense',319.99,'Pago relacionado con Libros, música y videojuegos',29,'2025-01-24',-193.09),
       (119,1,'income',409.30,'Ingreso relacionado con Ingresos de impuestos',23,'2025-02-18',6583.93),
       (120,1,'income',471.58,'Ingreso relacionado con Tarjetas financieras',55,'2025-03-23',12013.63),
       (121,1,'income',267.87,'Ingreso relacionado con Ingresos por loteria',26,'2025-02-02',5041.78),
       (122,1,'expense',249.57,'Pago relacionado con ONGs',35,'2025-01-16',-25.38),
       (123,1,'income',47.75,'Ingreso relacionado con Ingresos de impuestos',23,'2025-01-15',840.71),
       (124,1,'income',396.65,'Ingreso relacionado con Cafeterías y restaurantes',6,'2025-01-24',203.56),
       (125,1,'expense',62.40,'Pago relacionado con Abono de intereses',1,'2025-02-10',5924.45),
       (126,1,'expense',271.00,'Pago relacionado con Dentista, médico',13,'2025-01-30',2475.68),
       (127,1,'income',252.57,'Ingreso relacionado con Hipoteca',21,'2025-01-30',2728.25),
       (128,1,'income',2345.45,'Ingreso relacionado con Nómina o Pensión',34,'2025-02-01',5683.69),
       (129,1,'expense',317.75,'Pago relacionado con Otros préstamos y avales',38,'2025-01-03',7060.08),
       (130,1,'expense',248.06,'Pago relacionado con Transporte público',59,'2025-02-04',4807.79),
       (131,1,'expense',68.47,'Pago relacionado con Peluquería',4,'2025-01-05',5710.02),
       (132,1,'income',425.63,'Ingreso relacionado con Agua',2,'2025-02-07',6285.34),
       (133,1,'expense',68.39,'Pago relacionado con Educación, salud y deporte',15,'2025-01-05',5641.63),
       (134,1,'expense',349.81,'Pago relacionado con Comunidad derramas',11,'2025-02-22',7877.68),
       (135,1,'expense',85.54,'Pago relacionado con Peluquería',4,'2025-03-09',10034.46),
       (136,1,'expense',425.48,'Pago relacionado con Seguro de vida',51,'2025-01-10',3387.32),
       (137,1,'expense',422.25,'Pago relacionado con Transporte público',59,'2025-02-28',9708.17),
       (138,1,'expense',421.13,'Pago relacionado con Pago de multas',39,'2025-02-01',5262.56),
       (139,1,'expense',350.30,'Pago relacionado con ONGs',35,'2025-01-02',8164.81),
       (140,1,'income',465.50,'Ingreso relacionado con Hotel y alojamiento',22,'2025-02-09',6602.04),
       (141,1,'expense',91.22,'Pago relacionado con Seguro de vida',51,'2025-03-29',13103.06),
       (142,1,'income',291.06,'Ingreso relacionado con Cafeterías y restaurantes',6,'2025-01-30',3019.31),
       (143,1,'expense',423.51,'Pago relacionado con Loterías y apuestas',30,'2025-01-16',-448.89),
       (144,1,'expense',241.14,'Pago relacionado con Peajes',42,'2025-02-28',9467.03),
       (145,1,'income',467.53,'Ingreso relacionado con Ingresos de impuestos',23,'2025-03-29',13570.59),
       (146,1,'income',339.43,'Ingreso relacionado con Seguro de hogar',48,'2025-03-01',9732.59),
       (147,1,'expense',67.63,'Pago relacionado con Peluquería',4,'2025-01-10',3319.69),
       (148,1,'income',346.89,'Ingreso relacionado con Seguro de hogar',48,'2025-01-22',51.26),
       (149,1,'expense',449.34,'Pago relacionado con Libros, música y videojuegos',29,'2025-01-22',-398.08),
       (150,1,'expense',461.57,'Pago relacionado con Billetes de viaje',5,'2025-03-13',11708.16),
       (151,1,'expense',453.85,'Pago relacionado con Cajeros',7,'2025-01-25',2563.90),
       (152,1,'expense',229.84,'Pago relacionado con Ropa y complementos',47,'2025-02-18',6354.09),
       (153,1,'income',404.37,'Ingreso relacionado con Plan de pensiones',43,'2025-03-27',11730.89),
       (154,1,'income',204.49,'Ingreso relacionado con Ropa y complementos',47,'2025-02-21',6110.52),
       (155,1,'income',281.31,'Ingreso relacionado con Alquiler de vehículo',45,'2025-01-29',2746.68),
       (156,1,'expense',445.90,'Pago relacionado con Cafeterías y restaurantes',6,'2025-03-24',11333.68),
       (157,1,'income',228.78,'Ingreso relacionado con Sindicatos',52,'2025-01-19',-166.94),
       (158,1,'income',403.81,'Ingreso relacionado con Cajeros',7,'2025-03-07',9987.70),
       (159,1,'expense',57.60,'Pago relacionado con ONGs',35,'2025-01-12',2336.58),
       (160,1,'expense',233.76,'Pago relacionado con Comunidad',10,'2025-02-22',7643.92),
       (161,1,'income',432.40,'Ingreso relacionado con Óptica',36,'2025-02-05',5557.89),
       (162,1,'income',113.58,'Ingreso relacionado con Ingresos por otros pagos',27,'2025-01-30',3132.89),
       (163,1,'income',215.20,'Ingreso relacionado con ONGs',35,'2025-02-24',9746.47),
       (164,1,'expense',373.75,'Pago relacionado con Comunidad',10,'2025-03-25',11529.31),
       (165,1,'income',473.07,'Ingreso relacionado con Ingresos de impuestos',23,'2025-01-04',7854.45),
       (166,1,'expense',192.63,'Pago relacionado con Cine, teatro y espectáculos',8,'2025-03-27',11538.26),
       (167,1,'income',119.42,'Ingreso relacionado con Teléfono, TV e internet',56,'2025-02-04',4927.21),
       (168,1,'expense',299.72,'Pago relacionado con Transferencias',58,'2025-01-04',7554.73),
       (169,1,'expense',77.55,'Pago relacionado con Tren, avión, transporte',60,'2025-01-17',-70.79),
       (170,1,'income',327.25,'Ingreso relacionado con Teléfono, TV e internet',56,'2025-03-12',11690.58),
       (171,1,'expense',66.45,'Pago relacionado con Cafeterías y restaurantes',6,'2025-03-28',11375.36),
       (172,1,'expense',95.68,'Pago relacionado con Libros, música y videojuegos',29,'2025-03-25',11433.63),
       (173,1,'income',116.08,'Ingreso relacionado con Decoración y mobiliario',12,'2025-01-16',-332.81),
       (174,1,'income',74.88,'Ingreso relacionado con Ingresos por otros pagos',27,'2025-03-03',9913.62),
       (175,1,'expense',140.97,'Pago relacionado con Teléfono, TV e internet',56,'2025-02-04',4786.24),
       (176,1,'expense',488.89,'Pago relacionado con Educación, salud y deporte',15,'2025-02-23',9507.09),
       (177,1,'expense',101.93,'Pago relacionado con Seguro de vida',51,'2025-03-06',10157.72),
       (178,1,'expense',144.20,'Pago relacionado con Deporte y gimnasio',14,'2025-03-01',9588.39),
       (179,1,'expense',148.73,'Pago relacionado con Educación, salud y deporte',15,'2025-01-12',2187.85),
       (180,1,'expense',233.66,'Pago relacionado con Hipoteca',21,'2025-01-26',3252.16),
       (181,1,'expense',245.63,'Pago relacionado con Hipoteca',21,'2025-03-04',9352.94),
       (182,1,'income',200.62,'Ingreso relacionado con Gasolina y combustible',19,'2025-03-26',11634.25),
       (183,1,'income',277.59,'Ingreso relacionado con Mantenimiento del hogar',32,'2025-03-14',11704.66),
       (184,1,'expense',32.75,'Pago relacionado con Seguro de vehículo',50,'2025-03-13',11675.41),
       (185,1,'expense',188.41,'Pago relacionado con Transferencias',58,'2025-03-09',9846.05),
       (186,1,'income',436.61,'Ingreso relacionado con Gastos de inmobiliaria',20,'2025-03-10',10046.59),
       (187,1,'expense',193.06,'Pago relacionado con Transporte público',59,'2025-03-27',11345.20),
       (188,1,'income',244.57,'Ingreso relacionado con Ingresos por regalos',28,'2025-03-15',12161.89),
       (189,1,'expense',74.09,'Pago relacionado con Suscripciones',54,'2025-02-17',6035.85),
       (190,1,'income',335.27,'Ingreso relacionado con Ingresos por loteria',26,'2025-03-24',11668.95),
       (191,1,'income',2000.00,'Ingreso relacionado con Otros préstamos y avales',38,'2025-02-21',8110.52),
       (192,1,'expense',28.38,'Pago relacionado con Sindicatos',52,'2025-01-09',3812.80),
       (193,1,'expense',360.74,'Pago relacionado con Gasolina y combustible',19,'2025-03-06',9796.98),
       (194,1,'expense',234.05,'Pago relacionado con Gasolina y combustible',19,'2025-03-23',11779.58),
       (195,1,'expense',432.60,'Pago relacionado con Educación, salud y deporte',15,'2025-03-09',9413.45),
       (196,1,'expense',237.45,'Pago relacionado con Comunidad',10,'2025-02-08',6335.30),
       (197,1,'income',357.44,'Ingreso relacionado con Tarjetas financieras',55,'2025-02-22',8001.36),
       (198,1,'expense',221.61,'Pago relacionado con Mantenimiento del vehículo',33,'2025-02-01',5040.95),
       (199,1,'expense',328.75,'Pago relacionado con Billetes de viaje',5,'2025-02-21',7781.77),
       (200,1,'expense',143.17,'Pago relacionado con Sindicatos',52,'2025-03-05',10324.20),
       (201,1,'income',254.25,'Ingreso relacionado con ONGs',35,'2025-01-22',-143.83),
       (202,1,'expense',276.79,'Pago relacionado con Otros préstamos y avales',38,'2025-03-10',9769.80),
       (203,1,'income',375.45,'Ingreso relacionado con Mantenimiento del hogar',32,'2025-02-01',5416.40),
       (204,1,'expense',134.63,'Pago relacionado con Mantenimiento del hogar',32,'2025-01-31',2677.79),
       (205,1,'expense',398.40,'Pago relacionado con Pagos impuestos',40,'2025-02-09',6203.64),
       (206,1,'expense',153.99,'Pago relacionado con Loterías y apuestas',30,'2025-03-29',13416.60),
       (207,1,'income',296.82,'Ingreso relacionado con Ingresos por regalos',28,'2025-03-26',11931.07),
       (208,1,'income',279.96,'Ingreso relacionado con Electrónica',16,'2025-02-25',9689.49),
       (209,1,'income',429.82,'Ingreso relacionado con Dentista, médico',13,'2025-03-24',12098.77),
       (210,1,'expense',261.75,'Pago relacionado con Otros gastos (otros)',37,'2025-01-27',2990.41),
       (211,1,'expense',172.54,'Pago relacionado con Seguro de hogar',48,'2025-03-01',9415.85),
       (212,1,'expense',189.27,'Pago relacionado con Tren, avión, transporte',60,'2025-02-06',5314.69),
       (213,1,'expense',76.17,'Pago relacionado con Cafeterías y restaurantes',6,'2025-01-31',2601.62),
       (214,1,'expense',126.92,'Pago relacionado con Suscripciones',54,'2025-01-18',-277.39),
       (215,1,'income',290.17,'Ingreso relacionado con Ingresos por indemnizaciones',25,'2025-01-25',2854.07),
       (216,1,'expense',129.70,'Pago relacionado con Educación, salud y deporte',15,'2025-02-19',6121.92),
       (217,1,'expense',246.56,'Pago relacionado con Luz y gas',31,'2025-02-18',6107.53),
       (218,1,'expense',448.08,'Pago relacionado con Seguro de vida',51,'2025-01-21',-138.91),
       (219,1,'expense',348.51,'Pago relacionado con Sindicatos',52,'2025-02-06',4966.18),
       (220,1,'expense',195.71,'Pago relacionado con Educación, salud y deporte',15,'2025-03-24',11903.06),
       (221,1,'income',494.78,'Ingreso relacionado con Ingresos por otros pagos',27,'2025-03-01',9910.63),
       (222,1,'expense',71.96,'Pago relacionado con Seguro de vida',51,'2025-02-15',6407.41),
       (223,1,'expense',239.52,'Pago relacionado con Billetes de viaje',5,'2025-02-22',7761.84),
       (224,1,'expense',64.55,'Pago relacionado con Peajes',42,'2025-03-05',10259.65),
       (225,1,'income',2345.45,'Ingreso relacionado con Nómina o Pensión',34,'2025-02-22',10107.29),
       (226,1,'income',149.48,'Ingreso relacionado con Comunidad',10,'2025-02-03',4981.06),
       (227,1,'expense',142.62,'Pago relacionado con Hipoteca',21,'2025-01-16',-475.43),
       (228,1,'expense',138.56,'Pago relacionado con Educación, salud y deporte',15,'2025-02-25',9550.93),
       (229,1,'income',48.81,'Ingreso relacionado con Ingresos de impuestos',23,'2025-02-08',6384.11),
       (230,1,'income',479.15,'Ingreso relacionado con Otros gastos (otros)',37,'2025-03-12',12169.73),
       (231,1,'expense',74.70,'Pago relacionado con Regalos y juguetes',46,'2025-01-06',5189.58),
       (232,1,'income',418.92,'Ingreso relacionado con Ropa y complementos',47,'2025-03-18',11822.09),
       (233,1,'income',436.49,'Ingreso relacionado con Cafeterías y restaurantes',6,'2025-02-18',6544.02),
       (234,1,'expense',85.90,'Pago relacionado con Parking y garaje',41,'2025-03-21',11793.72),
       (235,1,'expense',444.42,'Pago relacionado con Óptica',36,'2025-01-15',396.29),
       (236,1,'expense',10.66,'Pago relacionado con Luz y gas',31,'2025-03-16',12026.48),
       (237,1,'income',402.18,'Ingreso relacionado con Ropa y complementos',47,'2025-02-02',5443.96),
       (238,1,'income',386.81,'Ingreso relacionado con Ingresos por indemnizaciones',25,'2025-03-07',10374.51),
       (239,1,'income',1500.00,'Ingreso relacionado con Transferencias',58,'2025-02-06',6466.18),
       (240,1,'expense',248.34,'Pago relacionado con Otros gastos (otros)',37,'2025-03-13',11427.07),
       (241,1,'expense',481.32,'Pago relacionado con Mantenimiento del vehículo',33,'2025-01-02',7683.49),
       (242,1,'expense',134.76,'Pago relacionado con Suscripciones',54,'2025-02-07',6150.58),
       (243,1,'expense',319.90,'Pago relacionado con Ropa y complementos',47,'2025-01-05',5321.73),
       (244,1,'expense',336.93,'Pago relacionado con Alquiler de vehículo',45,'2025-03-01',9573.70),
       (245,1,'expense',132.98,'Pago relacionado con Seguro de salud',49,'2025-02-02',5310.98),
       (246,1,'expense',40.66,'Pago relacionado con Cajeros',7,'2025-01-12',2147.19),
       (247,1,'expense',322.58,'Pago relacionado con Pago de multas',39,'2025-01-21',-461.49),
       (248,1,'expense',151.35,'Pago relacionado con Gasolina y combustible',19,'2025-02-17',5884.50),
       (249,1,'expense',260.46,'Pago relacionado con Transacción entre cuentas',57,'2025-03-11',11854.79),
       (250,1,'expense',206.00,'Pago relacionado con Otros gastos (otros)',37,'2025-01-01',9044.43),
       (251,1,'income',451.65,'Ingreso relacionado con Comunidad derramas',11,'2025-02-03',5432.71),
       (252,1,'expense',158.76,'Pago relacionado con Abono de intereses',1,'2025-01-06',5030.82),
       (253,1,'expense',232.45,'Pago relacionado con Billetes de viaje',5,'2025-02-15',6174.96),
       (254,1,'expense',9.26,'Pago relacionado con Regalos y juguetes',46,'2025-03-22',11629.86),
       (255,1,'expense',175.65,'Pago relacionado con Cine, teatro y espectáculos',8,'2025-01-30',2957.24),
       (256,1,'expense',79.76,'Pago relacionado con Cafeterías y restaurantes',6,'2025-02-16',5957.20),
       (257,1,'expense',279.25,'Pago relacionado con Cine, teatro y espectáculos',8,'2025-03-03',9634.37),
       (258,1,'expense',298.44,'Pago relacionado con Comisiones e intereses',9,'2025-01-28',2691.97),
       (259,1,'expense',247.57,'Pago relacionado con Tren, avión, transporte',60,'2025-02-08',6136.54),
       (260,1,'expense',23.12,'Pago relacionado con Luz y gas',31,'2025-02-18',6520.90),
       (261,1,'income',101.72,'Ingreso relacionado con Ingresos por indemnizaciones',25,'2025-01-21',-359.77),
       (262,1,'expense',57.45,'Pago relacionado con Gastos de inmobiliaria',20,'2025-01-05',5264.28),
       (263,1,'income',384.85,'Ingreso relacionado con Peajes',42,'2025-02-25',9935.78),
       (264,1,'expense',23.00,'Pago relacionado con Luz y gas',31,'2025-01-31',2578.62),
       (265,1,'expense',100.77,'Pago relacionado con Luz y gas',31,'2025-03-16',11925.71),
       (266,1,'expense',269.28,'Pago relacionado con Seguro de vida',51,'2025-02-18',6251.62),
       (267,1,'income',323.33,'Ingreso relacionado con Tren, avión, transporte',60,'2025-02-10',6247.78),
       (268,1,'income',139.11,'Ingreso relacionado con Farmacia, herbolario y nutrición',17,'2025-03-27',11484.31),
       (269,1,'expense',62.10,'Pago relacionado con Fianza y garantia como inquilino',18,'2025-01-01',8982.33),
       (270,1,'income',450.17,'Ingreso relacionado con Educación, salud y deporte',15,'2025-01-22',306.34),
       (271,1,'expense',427.78,'Pago relacionado con Luz y gas',31,'2025-01-04',7126.95),
       (272,1,'expense',199.47,'Pago relacionado con Cafeterías y restaurantes',6,'2025-01-18',-476.86),
       (273,1,'income',400.00,'Ingreso relacionado con Transacción entre cuentas',57,'2025-03-04',9752.94),
       (274,1,'income',406.06,'Ingreso relacionado con Dentista, médico',13,'2025-02-23',9913.15),
       (275,1,'income',446.56,'Ingreso relacionado con ONGs',35,'2025-03-04',10199.50),
       (276,1,'income',306.01,'Ingreso relacionado con Supermercados y alimentación',53,'2025-02-26',9877.41),
       (277,1,'expense',88.13,'Pago relacionado con Farmacia, herbolario y nutrición',17,'2025-01-24',115.43),
       (278,1,'expense',111.12,'Pago relacionado con Cajeros',7,'2025-03-07',10263.39),
       (279,1,'expense',389.98,'Pago relacionado con Luz y gas',31,'2025-02-01',5026.42),
       (280,1,'expense',47.98,'Pago relacionado con Suscripciones',54,'2025-02-06',6418.20),
       (281,1,'expense',73.71,'Pago relacionado con Ropa y complementos',47,'2025-02-22',10033.58),
       (282,1,'income',253.48,'Ingreso relacionado con Fianza y garantia como inquilino',18,'2025-02-28',9720.51),
       (283,1,'expense',87.26,'Pago relacionado con Billetes de viaje',5,'2025-03-29',13329.34),
       (284,1,'expense',42.50,'Pago relacionado con Comisiones e intereses',9,'2025-03-27',11441.81),
       (285,1,'expense',11.30,'Pago relacionado con Abono de intereses',1,'2025-02-11',6103.17),
       (286,1,'expense',467.22,'Pago relacionado con Farmacia, herbolario y nutrición',17,'2025-01-01',8515.11),
       (287,1,'income',445.72,'Ingreso relacionado con Cajeros',7,'2025-02-21',8227.49),
       (288,1,'expense',291.38,'Pago relacionado con Transporte público',59,'2025-01-22',14.96),
       (289,1,'expense',195.53,'Pago relacionado con Pagos impuestos',40,'2025-02-13',6328.76),
       (290,1,'income',339.22,'Ingreso relacionado con Suscripciones',54,'2025-01-16',-136.21),
       (291,1,'expense',450.94,'Pago relacionado con Ropa y complementos',47,'2025-01-04',6676.01),
       (292,1,'expense',310.22,'Pago relacionado con Deporte y gimnasio',14,'2025-03-18',11511.87),
       (293,1,'income',476.11,'Ingreso relacionado con Peajes',42,'2025-01-19',309.17),
       (294,1,'income',287.05,'Ingreso relacionado con Libros, música y videojuegos',29,'2025-02-16',6244.25),
       (295,1,'income',368.64,'Ingreso relacionado con Regalos y juguetes',46,'2025-01-21',8.87),
       (296,1,'expense',16.85,'Pago relacionado con Cajeros',7,'2025-02-25',9918.93),
       (297,1,'income',345.39,'Ingreso relacionado con Decoración y mobiliario',12,'2025-02-19',6467.31),
       (298,1,'income',445.12,'Ingreso relacionado con Educación, salud y deporte',15,'2025-02-14',6537.63),
       (299,1,'expense',132.39,'Pago relacionado con Teléfono, TV e internet',56,'2025-01-15',263.90),
       (300,1,'expense',74.00,'Pago relacionado con Transacción entre cuentas',57,'2025-02-19',6393.31),


       (301,2,'expense',376.86,'Pago relacionado con Mantenimiento del vehículo',33,'2025-02-04',-212.25),
       (302,2,'expense',392.58,'Pago relacionado con Transporte público',59,'2025-02-07',-319.91),
       (303,2,'expense',64.78,'Pago relacionado con Libros, música y videojuegos',29,'2025-02-16',-235.35),
       (304,2,'expense',167.10,'Pago relacionado con Comisiones e intereses',9,'2025-01-14',276.22),
       (305,2,'expense',90.05,'Pago relacionado con Dentista, médico',13,'2025-02-03',-47.17),
       (306,2,'expense',236.25,'Pago relacionado con Electrónica',16,'2025-02-14',-253.02),
       (307,2,'income',126.84,'Ingreso relacionado con Ingresos por regalos',28,'2025-01-29',-50.66),
       (308,2,'expense',194.91,'Pago relacionado con Agua',2,'2025-03-04',-445.88),
       (309,2,'expense',73.22,'Pago relacionado con Deporte y gimnasio',14,'2025-02-16',-308.57),
       (310,2,'income',285.85,'Ingreso relacionado con Transacción entre cuentas',57,'2025-03-29',-148.49),
       (311,2,'income',448.60,'Ingreso relacionado con Alquiler de vehículo',45,'2025-01-12',74.00),
       (312,2,'expense',42.59,'Pago relacionado con Alquiler de vehículo',45,'2025-03-31',-237.10),
       (313,2,'income',212.66,'Ingreso relacionado con Ingresos de impuestos',23,'2025-03-15',75.46),
       (314,2,'expense',76.77,'Pago relacionado con Supermercados y alimentación',53,'2025-02-11',-174.52),
       (315,2,'expense',258.26,'Pago relacionado con Alquiler de vehículo',45,'2025-01-23',-163.24),
       (316,2,'expense',53.93,'Pago relacionado con Dentista, médico',13,'2025-02-06',235.86),
       (317,2,'expense',284.82,'Pago relacionado con Transacción entre cuentas',57,'2025-01-25',-89.33),
       (318,2,'expense',81.14,'Pago relacionado con Peluquería',4,'2025-01-19',-315.66),
       (319,2,'expense',219.32,'Pago relacionado con Billetes de viaje',5,'2025-01-01',4385.68),
       (320,2,'expense',470.87,'Pago relacionado con Comisiones e intereses',9,'2025-01-05',1203.14),
       (321,2,'expense',252.03,'Pago relacionado con Fianza y garantia como inquilino',18,'2025-01-26',-267.43),
       (322,2,'income',353.67,'Ingreso relacionado con Ingresos por indemnizaciones',25,'2025-02-05',-128.19),
       (323,2,'income',422.17,'Ingreso relacionado con Cafeterías y restaurantes',6,'2025-02-08',227.22),
       (324,2,'expense',420.51,'Pago relacionado con Transferencias',58,'2025-03-22',-468.65),
       (325,2,'expense',31.27,'Pago relacionado con Tarjetas financieras',55,'2025-02-20',16.51),
       (326,2,'expense',209.98,'Pago relacionado con Farmacia, herbolario y nutrición',17,'2025-01-16',-39.10),
       (327,2,'expense',144.58,'Pago relacionado con Farmacia, herbolario y nutrición',17,'2025-01-14',131.64),
       (328,2,'expense',481.25,'Pago relacionado con Seguro de hogar',48,'2025-03-16',-161.22),
       (329,2,'expense',134.31,'Pago relacionado con Transacción entre cuentas',57,'2025-02-17',-235.59),
       (330,2,'expense',263.85,'Pago relacionado con Comunidad',10,'2025-03-01',-428.68),
       (331,2,'expense',79.68,'Pago relacionado con Plan de pensiones',43,'2025-01-18',-307.07),
       (332,2,'expense',330.19,'Pago relacionado con Tren, avión, transporte',60,'2025-01-11',-333.58),
       (333,2,'expense',56.54,'Pago relacionado con Gasolina y combustible',19,'2025-02-11',-231.06),
       (334,2,'expense',190.23,'Pago relacionado con Seguro de hogar',48,'2025-02-10',-332.12),
       (335,2,'expense',107.32,'Pago relacionado con Comunidad derramas',11,'2025-01-24',206.96),
       (336,2,'expense',382.81,'Pago relacionado con Tren, avión, transporte',60,'2025-01-12',-308.81),
       (337,2,'income',413.98,'Ingreso relacionado con Óptica',36,'2025-01-08',59.74),
       (338,2,'expense',109.53,'Pago relacionado con Transferencias',58,'2025-03-19',-439.52),
       (339,2,'income',339.43,'Ingreso relacionado con Loterías y apuestas',30,'2025-03-20',-139.98),
       (340,2,'income',477.52,'Ingreso relacionado con Peajes',42,'2025-01-23',314.28),
       (341,2,'expense',214.76,'Pago relacionado con Otros gastos (otros)',37,'2025-03-18',-130.91),
       (342,2,'income',384.49,'Ingreso relacionado con Ingresos por indemnizaciones',25,'2025-01-04',2442.57),
       (343,2,'expense',361.28,'Pago relacionado con Cine, teatro y espectáculos',8,'2025-02-24',-333.47),
       (344,2,'income',277.11,'Ingreso relacionado con Ingresos de impuestos',23,'2025-01-12',-31.70),
       (345,2,'expense',26.56,'Pago relacionado con Mantenimiento del vehículo',33,'2025-02-10',-358.68),
       (346,2,'expense',269.54,'Pago relacionado con Plan de pensiones',43,'2025-02-25',-408.41),
       (347,2,'expense',212.86,'Pago relacionado con Comunidad',10,'2025-01-25',-302.19),
       (348,2,'income',450.47,'Ingreso relacionado con Transacción entre cuentas',57,'2025-01-25',148.28),
       (349,2,'expense',126.96,'Pago relacionado con Comisiones e intereses',9,'2025-02-26',-93.37),
       (350,2,'expense',67.40,'Pago relacionado con Seguro de hogar',48,'2025-02-25',-475.81),
       (351,2,'expense',196.11,'Pago relacionado con Gasolina y combustible',19,'2025-01-08',-136.37),
       (352,2,'income',306.07,'Ingreso relacionado con Ingresos por loteria',26,'2025-02-13',178.76),
       (353,2,'expense',464.86,'Pago relacionado con Ropa y complementos',47,'2025-03-27',-343.49),
       (354,2,'expense',304.50,'Pago relacionado con Transferencias',58,'2025-01-22',-215.57),
       (355,2,'expense',159.83,'Pago relacionado con Transacción entre cuentas',57,'2025-02-24',-493.30),
       (356,2,'expense',241.48,'Pago relacionado con Mantenimiento del hogar',32,'2025-02-27',-249.41),
       (357,2,'expense',37.60,'Pago relacionado con Suscripciones',54,'2025-02-23',110.64),
       (358,2,'expense',353.44,'Pago relacionado con Seguro de salud',49,'2025-01-29',-404.10),
       (359,2,'expense',307.78,'Pago relacionado con Educación, salud y deporte',15,'2025-03-18',-438.69),
       (360,2,'income',290.13,'Ingreso relacionado con Ingresos por otros pagos',27,'2025-02-18',-170.90),
       (361,2,'income',144.82,'Ingreso relacionado con Decoración y mobiliario',12,'2025-01-31',-349.53),
       (362,2,'income',187.85,'Ingreso relacionado con Parking y garaje',41,'2025-03-07',-226.06),
       (363,2,'expense',225.39,'Pago relacionado con Teléfono, TV e internet',56,'2025-01-05',977.75),
       (364,2,'income',115.05,'Ingreso relacionado con Ingresos por loteria',26,'2025-02-12',-127.31),
       (365,2,'income',267.87,'Ingreso relacionado con Ingresos por indemnizaciones',25,'2025-03-05',256.48),
       (366,2,'expense',144.90,'Pago relacionado con Parking y garaje',41,'2025-01-17',-437.71),
       (367,2,'expense',63.19,'Pago relacionado con Fianza y garantia como inquilino',18,'2025-01-04',2379.38),
       (368,2,'income',183.12,'Ingreso relacionado con Mantenimiento del vehículo',33,'2025-02-24',-310.18),
       (369,2,'expense',25.24,'Pago relacionado con Seguro de vida',51,'2025-03-07',-251.30),
       (370,2,'income',196.53,'Ingreso relacionado con Ingresos por indemnizaciones',25,'2025-03-10',-225.21),
       (371,2,'expense',41.02,'Pago relacionado con Libros, música y videojuegos',29,'2025-01-11',-374.60),
       (372,2,'income',286.90,'Ingreso relacionado con Ingresos por loteria',26,'2025-01-16',247.80),
       (373,2,'expense',181.08,'Pago relacionado con ONGs',35,'2025-03-29',-329.57),
       (374,2,'income',302.81,'Ingreso relacionado con Ingresos por loteria',26,'2025-02-07',-17.10),
       (375,2,'income',242.67,'Ingreso relacionado con Otros préstamos y avales',38,'2025-01-13',-36.02),
       (376,2,'expense',139.69,'Pago relacionado con Comisiones e intereses',9,'2025-03-27',-483.18),
       (377,2,'income',393.61,'Ingreso relacionado con Gastos de inmobiliaria',20,'2025-01-26',126.18),
       (378,2,'expense',252.51,'Pago relacionado con Educación, salud y deporte',15,'2025-02-02',-494.19),
       (379,2,'expense',383.06,'Pago relacionado con Pagos impuestos',40,'2025-01-07',-354.24),
       (380,2,'income',338.78,'Ingreso relacionado con Nómina o Pensión',34,'2025-03-11',273.39),
       (381,2,'expense',382.47,'Pago relacionado con Farmacia, herbolario y nutrición',17,'2025-01-01',4003.21),
       (382,2,'income',272.37,'Ingreso relacionado con Cafeterías y restaurantes',6,'2025-03-22',-196.28),
       (383,2,'expense',14.42,'Pago relacionado con Alquiler de vehículo',45,'2025-02-05',-142.61),
       (384,2,'income',403.36,'Ingreso relacionado con Cajeros',7,'2025-03-20',263.38),
       (385,2,'expense',225.62,'Pago relacionado con Comunidad',10,'2025-03-20',37.76),
       (386,2,'expense',63.50,'Pago relacionado con Alquiler como inquilino',3,'2025-03-01',-492.18),
       (387,2,'income',278.75,'Ingreso relacionado con Ingresos de impuestos',23,'2025-02-24',-31.43),
       (388,2,'income',466.48,'Ingreso relacionado con Seguro de salud',49,'2025-03-04',20.60),
       (389,2,'income',287.87,'Ingreso relacionado con Luz y gas',31,'2025-01-17',-149.84),
       (390,2,'income',265.04,'Ingreso relacionado con Alquiler de vehículo',45,'2025-03-02',-46.60),
       (391,2,'expense',174.60,'Pago relacionado con Plan de pensiones',43,'2025-01-14',-42.96),
       (392,2,'expense',58.26,'Pago relacionado con Loterías y apuestas',30,'2025-02-15',133.84),
       (393,2,'expense',201.26,'Pago relacionado con Alquiler de vehículo',45,'2025-01-05',776.49),
       (394,2,'expense',87.81,'Pago relacionado con Parking y garaje',41,'2025-03-23',-299.81),
       (395,2,'expense',389.35,'Pago relacionado con Libros, música y videojuegos',29,'2025-02-03',-436.52),
       (396,2,'expense',196.49,'Pago relacionado con Electrónica',16,'2025-01-08',-332.86),
       (397,2,'expense',220.57,'Pago relacionado con Mantenimiento del vehículo',33,'2025-02-26',-313.94),
       (398,2,'income',311.44,'Ingreso relacionado con Libros, música y videojuegos',29,'2025-02-01',-119.55),
       (399,2,'expense',305.66,'Pago relacionado con Peajes',42,'2025-01-03',2375.83),
       (400,2,'expense',468.72,'Pago relacionado con Fianza y garantia como inquilino',18,'2025-02-07',-485.82),
       (401,2,'expense',39.89,'Pago relacionado con Alquiler como inquilino',3,'2025-03-19',-479.41),
       (402,2,'expense',322.64,'Pago relacionado con Transferencias',58,'2025-02-24',-354.07),
       (403,2,'income',356.50,'Ingreso relacionado con Ingresos por regalos',28,'2025-03-16',195.28),
       (404,2,'income',479.34,'Ingreso relacionado con Seguro de vida',51,'2025-01-13',443.32),
       (405,2,'expense',307.37,'Pago relacionado con Peajes',42,'2025-03-04',-286.77),
       (406,2,'income',490.17,'Ingreso relacionado con Ingresos de seguros',24,'2025-01-26',616.35),
       (407,2,'expense',116.63,'Pago relacionado con Cajeros',7,'2025-01-16',131.17),
       (408,2,'expense',145.94,'Pago relacionado con Seguro de vida',51,'2025-01-14',-188.90),
       (409,2,'income',340.13,'Ingreso relacionado con Alquiler como inquilino',3,'2025-03-31',103.03),
       (410,2,'expense',292.02,'Pago relacionado con Gasolina y combustible',19,'2025-03-31',-188.99),
       (411,2,'expense',491.46,'Pago relacionado con Otros gastos (otros)',37,'2025-03-12',-478.53),
       (412,2,'expense',456.01,'Pago relacionado con Mantenimiento del hogar',32,'2025-02-21',-439.50),
       (413,2,'expense',6.46,'Pago relacionado con Plan de pensiones',43,'2025-03-22',-202.74),
       (414,2,'expense',143.39,'Pago relacionado con Suscripciones',54,'2025-03-08',284.81),
       (415,2,'income',448.18,'Ingreso relacionado con ONGs',35,'2025-02-01',328.63),
       (416,2,'income',245.22,'Ingreso relacionado con Ingresos de impuestos',23,'2025-01-01',4248.43),
       (417,2,'income',494.49,'Ingreso relacionado con Otros gastos (otros)',37,'2025-02-27',245.08),
       (418,2,'expense',319.99,'Pago relacionado con Libros, música y videojuegos',29,'2025-01-24',-113.03),
       (419,2,'income',409.30,'Ingreso relacionado con Ingresos de impuestos',23,'2025-02-18',238.40),
       (420,2,'income',471.58,'Ingreso relacionado con Tarjetas financieras',55,'2025-03-23',171.77),
       (421,2,'income',267.87,'Ingreso relacionado con Ingresos por loteria',26,'2025-02-02',-226.32),
       (422,2,'expense',249.57,'Pago relacionado con ONGs',35,'2025-01-16',-118.40),
       (423,2,'income',47.75,'Ingreso relacionado con Ingresos de impuestos',23,'2025-01-15',-141.15),
       (424,2,'income',396.65,'Ingreso relacionado con Cafeterías y restaurantes',6,'2025-01-24',283.62),
       (425,2,'expense',62.40,'Pago relacionado con Abono de intereses',1,'2025-02-10',-421.08),
       (426,2,'expense',271.00,'Pago relacionado con Dentista, médico',13,'2025-01-30',-393.79),
       (427,2,'income',252.57,'Ingreso relacionado con Hipoteca',21,'2025-01-30',-141.22),
       (428,2,'income',86.96,'Ingreso relacionado con Nómina o Pensión',34,'2025-02-01',415.59),
       (429,2,'expense',317.75,'Pago relacionado con Otros préstamos y avales',38,'2025-01-03',2058.08),
       (430,2,'expense',248.06,'Pago relacionado con Transporte público',59,'2025-02-04',-460.31),
       (431,2,'expense',68.47,'Pago relacionado con Peluquería',4,'2025-01-05',708.02),
       (432,2,'income',425.63,'Ingreso relacionado con Agua',2,'2025-02-07',-60.19),
       (433,2,'expense',68.39,'Pago relacionado con Educación, salud y deporte',15,'2025-01-05',639.63),
       (434,2,'expense',349.81,'Pago relacionado con Comunidad derramas',11,'2025-02-22',-80.06),
       (435,2,'expense',85.54,'Pago relacionado con Peluquería',4,'2025-03-09',199.27),
       (436,2,'income',425.48,'Ingreso relacionado con Seguro de vida',51,'2025-01-10',64.24),
       (437,2,'expense',422.25,'Pago relacionado con Transporte público',59,'2025-02-28',-177.17),
       (438,2,'expense',421.13,'Pago relacionado con Pago de multas',39,'2025-02-01',-5.54),
       (439,2,'expense',350.30,'Pago relacionado con ONGs',35,'2025-01-02',3162.81),
       (440,2,'income',465.50,'Ingreso relacionado con Hotel y alojamiento',22,'2025-02-09',256.51),
       (441,2,'expense',91.22,'Pago relacionado con Seguro de vida',51,'2025-03-29',-420.79),
       (442,2,'expense',291.06,'Pago relacionado con Cafeterías y restaurantes',6,'2025-01-30',-432.28),
       (443,2,'income',423.51,'Ingreso relacionado con Loterías y apuestas',30,'2025-01-16',305.11),
       (444,2,'expense',241.14,'Pago relacionado con Peajes',42,'2025-02-28',-418.31),
       (445,2,'income',467.53,'Ingreso relacionado con Ingresos de impuestos',23,'2025-03-29',46.74),
       (446,2,'income',339.43,'Ingreso relacionado con Seguro de hogar',48,'2025-03-01',-152.75),
       (447,2,'expense',67.63,'Pago relacionado con Peluquería',4,'2025-01-10',-3.39),
       (448,2,'income',346.89,'Ingreso relacionado con Seguro de hogar',48,'2025-01-22',131.32),
       (449,2,'expense',449.34,'Pago relacionado con Libros, música y videojuegos',29,'2025-01-22',-318.02),
       (450,2,'expense',461.57,'Pago relacionado con Billetes de viaje',5,'2025-03-13',-133.70),
       (451,2,'expense',453.85,'Pago relacionado con Cajeros',7,'2025-01-25',-305.57),
       (452,2,'expense',229.84,'Pago relacionado con Ropa y complementos',47,'2025-02-18',8.56),
       (453,2,'income',404.37,'Ingreso relacionado con Plan de pensiones',43,'2025-03-27',-78.81),
       (454,2,'income',204.49,'Ingreso relacionado con Ropa y complementos',47,'2025-02-21',-235.01),
       (455,2,'income',281.31,'Ingreso relacionado con Alquiler de vehículo',45,'2025-01-29',-122.79),
       (456,2,'income',445.90,'Ingreso relacionado con Cafeterías y restaurantes',6,'2025-03-24',383.62),
       (457,2,'income',228.78,'Ingreso relacionado con Sindicatos',52,'2025-01-19',-86.88),
       (458,2,'income',403.81,'Ingreso relacionado con Cajeros',7,'2025-03-07',152.51),
       (459,2,'expense',57.60,'Pago relacionado con ONGs',35,'2025-01-12',-89.30),
       (460,2,'expense',233.76,'Pago relacionado con Comunidad',10,'2025-02-22',-313.82),
       (461,2,'income',432.40,'Ingreso relacionado con Óptica',36,'2025-02-05',289.79),
       (462,2,'income',113.58,'Ingreso relacionado con Ingresos por otros pagos',27,'2025-01-30',-318.70),
       (463,2,'income',215.20,'Ingreso relacionado con ONGs',35,'2025-02-24',-138.87),
       (464,2,'expense',373.75,'Pago relacionado con Comunidad',10,'2025-03-25',-280.39),
       (465,2,'income',473.07,'Ingreso relacionado con Ingresos de impuestos',23,'2025-01-04',2852.45),
       (466,2,'expense',192.63,'Pago relacionado con Cine, teatro y espectáculos',8,'2025-03-27',-271.44),
       (467,2,'income',119.42,'Ingreso relacionado con Teléfono, TV e internet',56,'2025-02-04',-340.89),
       (468,2,'expense',299.72,'Pago relacionado con Transferencias',58,'2025-01-04',2552.73),
       (469,2,'expense',77.55,'Pago relacionado con Tren, avión, transporte',60,'2025-01-17',-227.39),
       (470,2,'income',327.25,'Ingreso relacionado con Teléfono, TV e internet',56,'2025-03-12',-151.28),
       (471,2,'expense',66.45,'Pago relacionado con Cafeterías y restaurantes',6,'2025-03-28',-434.34),
       (472,2,'expense',95.68,'Pago relacionado con Libros, música y videojuegos',29,'2025-03-25',-376.07),
       (473,2,'expense',116.08,'Pago relacionado con Decoración y mobiliario',12,'2025-01-16',189.03),
       (474,2,'income',74.88,'Ingreso relacionado con Ingresos por otros pagos',27,'2025-03-03',28.28),
       (475,2,'expense',140.97,'Pago relacionado con Teléfono, TV e internet',56,'2025-02-04',-481.86),
       (476,2,'expense',488.89,'Pago relacionado con Educación, salud y deporte',15,'2025-02-23',-378.25),
       (477,2,'expense',101.93,'Pago relacionado con Seguro de vida',51,'2025-03-06',-53.17),
       (478,2,'expense',144.20,'Pago relacionado con Deporte y gimnasio',14,'2025-03-01',-296.95),
       (479,2,'expense',148.73,'Pago relacionado con Educación, salud y deporte',15,'2025-01-12',-238.03),
       (480,2,'expense',233.66,'Pago relacionado con Hipoteca',21,'2025-01-26',382.69),
       (481,2,'income',245.63,'Ingreso relacionado con Hipoteca',21,'2025-03-04',-41.14),
       (482,2,'income',200.62,'Ingreso relacionado con Gasolina y combustible',19,'2025-03-26',-175.45),
       (483,2,'income',277.59,'Ingreso relacionado con Mantenimiento del hogar',32,'2025-03-14',-137.20),
       (484,2,'expense',32.75,'Pago relacionado con Seguro de vehículo',50,'2025-03-13',-166.45),
       (485,2,'expense',188.41,'Pago relacionado con Transferencias',58,'2025-03-09',10.86),
       (486,2,'income',436.61,'Ingreso relacionado con Gastos de inmobiliaria',20,'2025-03-10',211.40),
       (487,2,'expense',193.06,'Pago relacionado con Transporte público',59,'2025-03-27',-464.50),
       (488,2,'income',244.57,'Ingreso relacionado con Ingresos por regalos',28,'2025-03-15',320.03),
       (489,2,'expense',74.09,'Pago relacionado con Suscripciones',54,'2025-02-17',-309.68),
       (490,2,'income',335.27,'Ingreso relacionado con Ingresos por loteria',26,'2025-03-24',718.89),
       (491,2,'income',387.79,'Ingreso relacionado con Otros préstamos y avales',38,'2025-02-21',152.78),
       (492,2,'expense',28.38,'Pago relacionado con Sindicatos',52,'2025-01-09',-361.24),
       (493,2,'expense',360.74,'Pago relacionado con Gasolina y combustible',19,'2025-03-06',-413.91),
       (494,2,'expense',234.05,'Pago relacionado con Gasolina y combustible',19,'2025-03-23',-62.28),
       (495,2,'expense',432.60,'Pago relacionado con Educación, salud y deporte',15,'2025-03-09',-421.74),
       (496,2,'expense',237.45,'Pago relacionado con Comunidad',10,'2025-02-08',-10.23),
       (497,2,'income',357.44,'Ingreso relacionado con Tarjetas financieras',55,'2025-02-22',43.62),
       (498,2,'expense',221.61,'Pago relacionado con Mantenimiento del vehículo',33,'2025-02-01',-227.15),
       (499,2,'expense',328.75,'Pago relacionado con Billetes de viaje',5,'2025-02-21',-175.97),
       (500,2,'expense',143.17,'Pago relacionado con Sindicatos',52,'2025-03-05',113.31),
       (501,2,'income',254.25,'Ingreso relacionado con ONGs',35,'2025-01-22',-63.77),
       (502,2,'expense',276.79,'Pago relacionado con Otros préstamos y avales',38,'2025-03-10',-65.39),
       (503,2,'income',375.45,'Ingreso relacionado con Mantenimiento del hogar',32,'2025-02-01',148.30),
       (504,2,'expense',134.63,'Pago relacionado con Mantenimiento del hogar',32,'2025-01-31',-484.16),
       (505,2,'expense',398.40,'Pago relacionado con Pagos impuestos',40,'2025-02-09',-141.89),
       (506,2,'expense',153.99,'Pago relacionado con Loterías y apuestas',30,'2025-03-29',-107.25),
       (507,2,'income',296.82,'Ingreso relacionado con Ingresos por regalos',28,'2025-03-26',121.37),
       (508,2,'income',279.96,'Ingreso relacionado con Electrónica',16,'2025-02-25',-195.85),
       (509,2,'expense',429.82,'Pago relacionado con Dentista, médico',13,'2025-03-24',289.07),
       (510,2,'expense',261.75,'Pago relacionado con Otros gastos (otros)',37,'2025-01-27',120.94),
       (511,2,'expense',172.54,'Pago relacionado con Seguro de hogar',48,'2025-03-01',-469.49),
       (512,2,'expense',189.27,'Pago relacionado con Tren, avión, transporte',60,'2025-02-06',46.59),
       (513,2,'income',76.17,'Ingreso relacionado con Cafeterías y restaurantes',6,'2025-01-31',-407.99),
       (514,2,'expense',126.92,'Pago relacionado con Suscripciones',54,'2025-01-18',-433.99),
       (515,2,'income',290.17,'Ingreso relacionado con Ingresos por indemnizaciones',25,'2025-01-25',-15.40),
       (516,2,'expense',129.70,'Pago relacionado con Educación, salud y deporte',15,'2025-02-19',-223.61),
       (517,2,'expense',246.56,'Pago relacionado con Luz y gas',31,'2025-02-18',-238.00),
       (518,2,'expense',448.08,'Pago relacionado con Seguro de vida',51,'2025-01-21',-58.85),
       (519,2,'expense',348.51,'Pago relacionado con Sindicatos',52,'2025-02-06',-301.92),
       (520,2,'expense',195.71,'Pago relacionado con Educación, salud y deporte',15,'2025-03-24',93.36),
       (521,2,'income',494.78,'Ingreso relacionado con Ingresos por otros pagos',27,'2025-03-01',25.29),
       (522,2,'expense',71.96,'Pago relacionado con Seguro de vida',51,'2025-02-15',61.88),
       (523,2,'expense',239.52,'Pago relacionado con Billetes de viaje',5,'2025-02-22',-195.90),
       (524,2,'expense',64.55,'Pago relacionado con Peajes',42,'2025-03-05',48.76),
       (525,2,'income',417.85,'Ingreso relacionado con Nómina o Pensión',34,'2025-02-22',221.95),
       (526,2,'income',149.48,'Ingreso relacionado con Comunidad',10,'2025-02-03',-287.04),
       (527,2,'expense',142.62,'Pago relacionado con Hipoteca',21,'2025-01-16',46.41),
       (528,2,'expense',138.56,'Pago relacionado con Educación, salud y deporte',15,'2025-02-25',-334.41),
       (529,2,'income',48.81,'Ingreso relacionado con Ingresos de impuestos',23,'2025-02-08',38.58),
       (530,2,'income',479.15,'Ingreso relacionado con Otros gastos (otros)',37,'2025-03-12',327.87),
       (531,2,'expense',74.70,'Pago relacionado con Regalos y juguetes',46,'2025-01-06',187.58),
       (532,2,'income',418.92,'Ingreso relacionado con Ropa y complementos',47,'2025-03-18',-19.77),
       (533,2,'income',436.49,'Ingreso relacionado con Cafeterías y restaurantes',6,'2025-02-18',198.49),
       (534,2,'expense',85.90,'Pago relacionado con Parking y garaje',41,'2025-03-21',-48.14),
       (535,2,'income',444.42,'Ingreso relacionado con Óptica',36,'2025-01-15',303.27),
       (536,2,'expense',10.66,'Pago relacionado con Luz y gas',31,'2025-03-16',184.62),
       (537,2,'income',402.18,'Ingreso relacionado con Ropa y complementos',47,'2025-02-02',175.86),
       (538,2,'income',386.81,'Ingreso relacionado con Ingresos por indemnizaciones',25,'2025-03-07',539.32),
       (539,2,'income',422.57,'Ingreso relacionado con Transferencias',58,'2025-02-06',120.65),
       (540,2,'expense',248.34,'Pago relacionado con Otros gastos (otros)',37,'2025-03-13',-414.79),
       (541,2,'expense',481.32,'Pago relacionado con Mantenimiento del vehículo',33,'2025-01-02',2681.49),
       (542,2,'expense',134.76,'Pago relacionado con Suscripciones',54,'2025-02-07',-194.95),
       (543,2,'expense',319.90,'Pago relacionado con Ropa y complementos',47,'2025-01-05',319.73),
       (544,2,'expense',336.93,'Pago relacionado con Alquiler de vehículo',45,'2025-03-01',-311.64),
       (545,2,'expense',132.98,'Pago relacionado con Seguro de salud',49,'2025-02-02',42.88),
       (546,2,'expense',40.66,'Pago relacionado con Cajeros',7,'2025-01-12',-278.69),
       (547,2,'expense',322.58,'Pago relacionado con Pago de multas',39,'2025-01-21',-381.43),
       (548,2,'expense',151.35,'Pago relacionado con Gasolina y combustible',19,'2025-02-17',-461.03),
       (549,2,'expense',260.46,'Pago relacionado con Transacción entre cuentas',57,'2025-03-11',12.93),
       (550,2,'expense',206.00,'Pago relacionado con Otros gastos (otros)',37,'2025-01-01',4042.43),
       (551,2,'income',451.65,'Ingreso relacionado con Comunidad derramas',11,'2025-02-03',164.61),
       (552,2,'expense',158.76,'Pago relacionado con Abono de intereses',1,'2025-01-06',28.82),
       (553,2,'expense',232.45,'Pago relacionado con Billetes de viaje',5,'2025-02-15',-170.57),
       (554,2,'expense',9.26,'Pago relacionado con Regalos y juguetes',46,'2025-03-22',-212.00),
       (555,2,'expense',175.65,'Pago relacionado con Cine, teatro y espectáculos',8,'2025-01-30',-494.35),
       (556,2,'expense',79.76,'Pago relacionado con Cafeterías y restaurantes',6,'2025-02-16',-388.33),
       (557,2,'expense',279.25,'Pago relacionado con Cine, teatro y espectáculos',8,'2025-03-03',-250.97),
       (558,2,'expense',298.44,'Pago relacionado con Comisiones e intereses',9,'2025-01-28',-177.50),
       (559,2,'expense',247.57,'Pago relacionado con Tren, avión, transporte',60,'2025-02-08',-208.99),
       (560,2,'expense',23.12,'Pago relacionado con Luz y gas',31,'2025-02-18',175.37),
       (561,2,'income',101.72,'Ingreso relacionado con Ingresos por indemnizaciones',25,'2025-01-21',-279.71),
       (562,2,'expense',57.45,'Pago relacionado con Gastos de inmobiliaria',20,'2025-01-05',262.28),
       (563,2,'income',384.85,'Ingreso relacionado con Peajes',42,'2025-02-25',50.44),
       (564,2,'expense',23.00,'Pago relacionado con Luz y gas',31,'2025-01-31',-430.99),
       (565,2,'expense',100.77,'Pago relacionado con Luz y gas',31,'2025-03-16',83.85),
       (566,2,'expense',269.28,'Pago relacionado con Seguro de vida',51,'2025-02-18',-93.91),
       (567,2,'income',323.33,'Ingreso relacionado con Tren, avión, transporte',60,'2025-02-10',-97.75),
       (568,2,'income',139.11,'Ingreso relacionado con Farmacia, herbolario y nutrición',17,'2025-03-27',-325.39),
       (569,2,'expense',62.10,'Pago relacionado con Fianza y garantia como inquilino',18,'2025-01-01',3980.33),
       (570,2,'income',450.17,'Ingreso relacionado con Educación, salud y deporte',15,'2025-01-22',386.40),
       (571,2,'expense',427.78,'Pago relacionado con Luz y gas',31,'2025-01-04',2124.95),
       (572,2,'income',199.47,'Ingreso relacionado con Cafeterías y restaurantes',6,'2025-01-18',-234.52),
       (573,2,'expense',416.81,'Pago relacionado con Transacción entre cuentas',57,'2025-03-04',-457.95),
       (574,2,'income',406.06,'Ingreso relacionado con Dentista, médico',13,'2025-02-23',27.81),
       (575,2,'income',446.56,'Ingreso relacionado con ONGs',35,'2025-03-04',-11.39),
       (576,2,'income',306.01,'Ingreso relacionado con Supermercados y alimentación',53,'2025-02-26',-7.93),
       (577,2,'expense',88.13,'Pago relacionado con Farmacia, herbolario y nutrición',17,'2025-01-24',195.49),
       (578,2,'expense',111.12,'Pago relacionado con Cajeros',7,'2025-03-07',428.20),
       (579,2,'expense',389.98,'Pago relacionado con Luz y gas',31,'2025-02-01',-241.68),
       (580,2,'expense',47.98,'Pago relacionado con Suscripciones',54,'2025-02-06',72.67),
       (581,2,'expense',73.71,'Pago relacionado con Ropa y complementos',47,'2025-02-22',148.24),
       (582,2,'income',253.48,'Ingreso relacionado con Fianza y garantia como inquilino',18,'2025-02-28',-164.83),
       (583,2,'expense',87.26,'Pago relacionado con Billetes de viaje',5,'2025-03-29',-194.51),
       (584,2,'expense',42.50,'Pago relacionado con Comisiones e intereses',9,'2025-03-27',-367.89),
       (585,2,'expense',11.30,'Pago relacionado con Abono de intereses',1,'2025-02-11',-242.36),
       (586,2,'expense',467.22,'Pago relacionado con Farmacia, herbolario y nutrición',17,'2025-01-01',3513.11),
       (587,2,'income',445.72,'Ingreso relacionado con Cajeros',7,'2025-02-21',269.75),
       (588,2,'expense',291.38,'Pago relacionado con Transporte público',59,'2025-01-22',95.02),
       (589,2,'expense',195.53,'Pago relacionado con Pagos impuestos',40,'2025-02-13',-16.77),
       (590,2,'expense',339.22,'Pago relacionado con Suscripciones',54,'2025-01-16',-292.81),
       (591,2,'expense',450.94,'Pago relacionado con Ropa y complementos',47,'2025-01-04',1674.01),
       (592,2,'expense',310.22,'Pago relacionado con Deporte y gimnasio',14,'2025-03-18',-329.99),
       (593,2,'income',476.11,'Ingreso relacionado con Peajes',42,'2025-01-19',389.23),
       (594,2,'income',287.05,'Ingreso relacionado con Libros, música y videojuegos',29,'2025-02-16',-101.28),
       (595,2,'income',368.64,'Ingreso relacionado con Regalos y juguetes',46,'2025-01-21',88.93),
       (596,2,'expense',16.85,'Pago relacionado con Cajeros',7,'2025-02-25',33.59),
       (597,2,'income',345.39,'Ingreso relacionado con Decoración y mobiliario',12,'2025-02-19',121.78),
       (598,2,'income',445.12,'Ingreso relacionado con Educación, salud y deporte',15,'2025-02-14',192.10),
       (599,2,'expense',132.39,'Pago relacionado con Teléfono, TV e internet',56,'2025-01-15',170.88),


       (600,2,'expense',74.00,'Pago relacionado con Transacción entre cuentas',57,'2025-02-19',47.78),
       (601,3,'expense',376.86,'Pago relacionado con Mantenimiento del vehículo',33,'2025-02-04',-181.43),
       (602,3,'expense',392.58,'Pago relacionado con Transporte público',59,'2025-02-07',-289.09),
       (603,3,'expense',64.78,'Pago relacionado con Libros, música y videojuegos',29,'2025-02-16',-204.53),
       (604,3,'expense',167.10,'Pago relacionado con Comisiones e intereses',9,'2025-01-14',245.38),
       (605,3,'expense',90.05,'Pago relacionado con Dentista, médico',13,'2025-02-03',-16.35),
       (606,3,'expense',236.25,'Pago relacionado con Electrónica',16,'2025-02-14',-222.20),
       (607,3,'income',126.84,'Ingreso relacionado con Ingresos por regalos',28,'2025-01-29',-81.50),
       (608,3,'expense',194.91,'Pago relacionado con Agua',2,'2025-03-04',-415.06),
       (609,3,'expense',73.22,'Pago relacionado con Deporte y gimnasio',14,'2025-02-16',-277.75),
       (610,3,'income',285.85,'Ingreso relacionado con Transacción entre cuentas',57,'2025-03-29',-149.83),
       (611,3,'expense',448.60,'Pago relacionado con Alquiler de vehículo',45,'2025-01-12',-237.12),
       (612,3,'expense',42.59,'Pago relacionado con Alquiler de vehículo',45,'2025-03-31',-238.44),
       (613,3,'income',212.66,'Ingreso relacionado con Ingresos de impuestos',23,'2025-03-15',106.28),
       (614,3,'expense',76.77,'Pago relacionado con Supermercados y alimentación',53,'2025-02-11',-143.70),
       (615,3,'expense',258.26,'Pago relacionado con Alquiler de vehículo',45,'2025-01-23',-194.08),
       (616,3,'expense',53.93,'Pago relacionado con Dentista, médico',13,'2025-02-06',266.68),
       (617,3,'expense',284.82,'Pago relacionado con Transacción entre cuentas',57,'2025-01-25',-120.17),
       (618,3,'expense',81.14,'Pago relacionado con Peluquería',4,'2025-01-19',-346.50),
       (619,3,'expense',219.32,'Pago relacionado con Billetes de viaje',5,'2025-01-01',6650.68),
       (620,3,'expense',470.87,'Pago relacionado con Comisiones e intereses',9,'2025-01-05',3468.14),
       (621,3,'expense',252.03,'Pago relacionado con Fianza y garantia como inquilino',18,'2025-01-26',-298.27),
       (622,3,'income',353.67,'Ingreso relacionado con Ingresos por indemnizaciones',25,'2025-02-05',-97.37),
       (623,3,'income',422.17,'Ingreso relacionado con Cafeterías y restaurantes',6,'2025-02-08',258.04),
       (624,3,'expense',420.51,'Pago relacionado con Transferencias',58,'2025-03-22',-437.83),
       (625,3,'expense',31.27,'Pago relacionado con Tarjetas financieras',55,'2025-02-20',47.33),
       (626,3,'expense',209.98,'Pago relacionado con Farmacia, herbolario y nutrición',17,'2025-01-16',-69.94),
       (627,3,'expense',144.58,'Pago relacionado con Farmacia, herbolario y nutrición',17,'2025-01-14',100.80),
       (628,3,'expense',481.25,'Pago relacionado con Seguro de hogar',48,'2025-03-16',-130.40),
       (629,3,'expense',134.31,'Pago relacionado con Transacción entre cuentas',57,'2025-02-17',-204.77),
       (630,3,'expense',263.85,'Pago relacionado con Comunidad',10,'2025-03-01',-397.86),
       (631,3,'expense',79.68,'Pago relacionado con Plan de pensiones',43,'2025-01-18',-337.91),
       (632,3,'expense',330.19,'Pago relacionado con Tren, avión, transporte',60,'2025-01-11',252.50),
       (633,3,'expense',56.54,'Pago relacionado con Gasolina y combustible',19,'2025-02-11',-200.24),
       (634,3,'expense',190.23,'Pago relacionado con Seguro de hogar',48,'2025-02-10',-301.30),
       (635,3,'expense',107.32,'Pago relacionado con Comunidad derramas',11,'2025-01-24',176.12),
       (636,3,'income',382.81,'Ingreso relacionado con Tren, avión, transporte',60,'2025-01-12',145.69),
       (637,3,'expense',413.98,'Pago relacionado con Óptica',36,'2025-01-08',1496.78),
       (638,3,'expense',109.53,'Pago relacionado con Transferencias',58,'2025-03-19',-408.70),
       (639,3,'income',339.43,'Ingreso relacionado con Loterías y apuestas',30,'2025-03-20',-109.16),
       (640,3,'income',477.52,'Ingreso relacionado con Peajes',42,'2025-01-23',283.44),
       (641,3,'expense',214.76,'Pago relacionado con Otros gastos (otros)',37,'2025-03-18',-100.09),
       (642,3,'income',384.49,'Ingreso relacionado con Ingresos por indemnizaciones',25,'2025-01-04',4707.57),
       (643,3,'expense',361.28,'Pago relacionado con Cine, teatro y espectáculos',8,'2025-02-24',-302.65),
       (644,3,'income',277.11,'Ingreso relacionado con Ingresos de impuestos',23,'2025-01-12',422.80),
       (645,3,'expense',26.56,'Pago relacionado con Mantenimiento del vehículo',33,'2025-02-10',-327.86),
       (646,3,'expense',269.54,'Pago relacionado con Plan de pensiones',43,'2025-02-25',-377.59),
       (647,3,'expense',212.86,'Pago relacionado con Comunidad',10,'2025-01-25',-333.03),
       (648,3,'income',450.47,'Ingreso relacionado con Transacción entre cuentas',57,'2025-01-25',117.44),
       (649,3,'expense',126.96,'Pago relacionado con Comisiones e intereses',9,'2025-02-26',-62.55),
       (650,3,'expense',67.40,'Pago relacionado con Seguro de hogar',48,'2025-02-25',-444.99),
       (651,3,'expense',196.11,'Pago relacionado con Gasolina y combustible',19,'2025-01-08',1300.67),
       (652,3,'income',306.07,'Ingreso relacionado con Ingresos por loteria',26,'2025-02-13',209.58),
       (653,3,'expense',464.86,'Pago relacionado con Ropa y complementos',47,'2025-03-27',-344.83),
       (654,3,'expense',304.50,'Pago relacionado con Transferencias',58,'2025-01-22',-246.41),
       (655,3,'expense',159.83,'Pago relacionado con Transacción entre cuentas',57,'2025-02-24',-462.48),
       (656,3,'expense',241.48,'Pago relacionado con Mantenimiento del hogar',32,'2025-02-27',-218.59),
       (657,3,'expense',37.60,'Pago relacionado con Suscripciones',54,'2025-02-23',141.46),
       (658,3,'expense',353.44,'Pago relacionado con Seguro de salud',49,'2025-01-29',-434.94),
       (659,3,'expense',307.78,'Pago relacionado con Educación, salud y deporte',15,'2025-03-18',-407.87),
       (660,3,'income',290.13,'Ingreso relacionado con Ingresos por otros pagos',27,'2025-02-18',-140.08),
       (661,3,'expense',144.82,'Pago relacionado con Decoración y mobiliario',12,'2025-01-31',-318.71),
       (662,3,'income',187.85,'Ingreso relacionado con Parking y garaje',41,'2025-03-07',-195.24),
       (663,3,'expense',225.39,'Pago relacionado con Teléfono, TV e internet',56,'2025-01-05',3242.75),
       (664,3,'income',115.05,'Ingreso relacionado con Ingresos por loteria',26,'2025-02-12',-96.49),
       (665,3,'income',267.87,'Ingreso relacionado con Ingresos por indemnizaciones',25,'2025-03-05',287.30),
       (666,3,'expense',144.90,'Pago relacionado con Parking y garaje',41,'2025-01-17',-468.55),
       (667,3,'expense',63.19,'Pago relacionado con Fianza y garantia como inquilino',18,'2025-01-04',4644.38),
       (668,3,'income',183.12,'Ingreso relacionado con Mantenimiento del vehículo',33,'2025-02-24',-279.36),
       (669,3,'expense',25.24,'Pago relacionado con Seguro de vida',51,'2025-03-07',-220.48),
       (670,3,'income',196.53,'Ingreso relacionado con Ingresos por indemnizaciones',25,'2025-03-10',-194.39),
       (671,3,'expense',41.02,'Pago relacionado con Libros, música y videojuegos',29,'2025-01-11',211.48),
       (672,3,'income',286.90,'Ingreso relacionado con Ingresos por loteria',26,'2025-01-16',216.96),
       (673,3,'expense',181.08,'Pago relacionado con ONGs',35,'2025-03-29',-330.91),
       (674,3,'income',302.81,'Ingreso relacionado con Ingresos por loteria',26,'2025-02-07',13.72),
       (675,3,'expense',242.67,'Pago relacionado con Otros préstamos y avales',38,'2025-01-13',-66.86),
       (676,3,'expense',139.69,'Pago relacionado con Comisiones e intereses',9,'2025-03-27',-484.52),
       (677,3,'income',393.61,'Ingreso relacionado con Gastos de inmobiliaria',20,'2025-01-26',95.34),
       (678,3,'expense',252.51,'Pago relacionado con Educación, salud y deporte',15,'2025-02-02',-463.37),
       (679,3,'expense',383.06,'Pago relacionado con Pagos impuestos',40,'2025-01-07',1910.76),
       (680,3,'income',338.78,'Ingreso relacionado con Nómina o Pensión',34,'2025-03-11',304.21),
       (681,3,'expense',382.47,'Pago relacionado con Farmacia, herbolario y nutrición',17,'2025-01-01',6268.21),
       (682,3,'income',272.37,'Ingreso relacionado con Cafeterías y restaurantes',6,'2025-03-22',-165.46),
       (683,3,'expense',14.42,'Pago relacionado con Alquiler de vehículo',45,'2025-02-05',-111.79),
       (684,3,'income',403.36,'Ingreso relacionado con Cajeros',7,'2025-03-20',294.20),
       (685,3,'expense',225.62,'Pago relacionado con Comunidad',10,'2025-03-20',68.58),
       (686,3,'expense',63.50,'Pago relacionado con Alquiler como inquilino',3,'2025-03-01',-461.36),
       (687,3,'income',278.75,'Ingreso relacionado con Ingresos de impuestos',23,'2025-02-24',-0.61),
       (688,3,'income',466.48,'Ingreso relacionado con Seguro de salud',49,'2025-03-04',51.42),
       (689,3,'income',287.87,'Ingreso relacionado con Luz y gas',31,'2025-01-17',-180.68),
       (690,3,'income',265.04,'Ingreso relacionado con Alquiler de vehículo',45,'2025-03-02',-15.78),
       (691,3,'expense',174.60,'Pago relacionado con Plan de pensiones',43,'2025-01-14',-73.80),
       (692,3,'expense',58.26,'Pago relacionado con Loterías y apuestas',30,'2025-02-15',164.66),
       (693,3,'expense',201.26,'Pago relacionado con Alquiler de vehículo',45,'2025-01-05',3041.49),
       (694,3,'expense',87.81,'Pago relacionado con Parking y garaje',41,'2025-03-23',-268.99),
       (695,3,'expense',389.35,'Pago relacionado con Libros, música y videojuegos',29,'2025-02-03',-405.70),
       (696,3,'expense',196.49,'Pago relacionado con Electrónica',16,'2025-01-08',1104.18),
       (697,3,'expense',220.57,'Pago relacionado con Mantenimiento del vehículo',33,'2025-02-26',-283.12),
       (698,3,'income',311.44,'Ingreso relacionado con Libros, música y videojuegos',29,'2025-02-01',-88.73),
       (699,3,'expense',305.66,'Pago relacionado con Peajes',42,'2025-01-03',4640.83),
       (700,3,'expense',468.72,'Pago relacionado con Fianza y garantia como inquilino',18,'2025-02-07',-455.00),
       (701,3,'expense',39.89,'Pago relacionado con Alquiler como inquilino',3,'2025-03-19',-448.59),
       (702,3,'expense',322.64,'Pago relacionado con Transferencias',58,'2025-02-24',-323.25),
       (703,3,'income',356.50,'Ingreso relacionado con Ingresos por regalos',28,'2025-03-16',226.10),
       (704,3,'income',479.34,'Ingreso relacionado con Seguro de vida',51,'2025-01-13',412.48),
       (705,3,'expense',307.37,'Pago relacionado con Peajes',42,'2025-03-04',-255.95),
       (706,3,'income',490.17,'Ingreso relacionado con Ingresos de seguros',24,'2025-01-26',585.51),
       (707,3,'expense',116.63,'Pago relacionado con Cajeros',7,'2025-01-16',100.33),
       (708,3,'expense',145.94,'Pago relacionado con Seguro de vida',51,'2025-01-14',-219.74),
       (709,3,'income',340.13,'Ingreso relacionado con Alquiler como inquilino',3,'2025-03-31',101.69),
       (710,3,'expense',292.02,'Pago relacionado con Gasolina y combustible',19,'2025-03-31',-190.33),
       (711,3,'expense',491.46,'Pago relacionado con Otros gastos (otros)',37,'2025-03-12',-447.71),
       (712,3,'expense',456.01,'Pago relacionado con Mantenimiento del hogar',32,'2025-02-21',-408.68),
       (713,3,'expense',6.46,'Pago relacionado con Plan de pensiones',43,'2025-03-22',-171.92),
       (714,3,'expense',143.39,'Pago relacionado con Suscripciones',54,'2025-03-08',315.63),
       (715,3,'income',448.18,'Ingreso relacionado con ONGs',35,'2025-02-01',359.45),
       (716,3,'income',245.22,'Ingreso relacionado con Ingresos de impuestos',23,'2025-01-01',6513.43),
       (717,3,'income',494.49,'Ingreso relacionado con Otros gastos (otros)',37,'2025-02-27',275.90),
       (718,3,'expense',319.99,'Pago relacionado con Libros, música y videojuegos',29,'2025-01-24',-143.87),
       (719,3,'income',409.30,'Ingreso relacionado con Ingresos de impuestos',23,'2025-02-18',269.22),
       (720,3,'income',471.58,'Ingreso relacionado con Tarjetas financieras',55,'2025-03-23',202.59),
       (721,3,'income',267.87,'Ingreso relacionado con Ingresos por loteria',26,'2025-02-02',-195.50),
       (722,3,'expense',249.57,'Pago relacionado con ONGs',35,'2025-01-16',-149.24),
       (723,3,'income',47.75,'Ingreso relacionado con Ingresos de impuestos',23,'2025-01-15',-171.99),
       (724,3,'income',396.65,'Ingreso relacionado con Cafeterías y restaurantes',6,'2025-01-24',252.78),
       (725,3,'expense',62.40,'Pago relacionado con Abono de intereses',1,'2025-02-10',-390.26),
       (726,3,'expense',271.00,'Pago relacionado con Dentista, médico',13,'2025-01-30',-424.63),
       (727,3,'income',252.57,'Ingreso relacionado con Hipoteca',21,'2025-01-30',-172.06),
       (728,3,'income',86.96,'Ingreso relacionado con Nómina o Pensión',34,'2025-02-01',446.41),
       (729,3,'expense',317.75,'Pago relacionado con Otros préstamos y avales',38,'2025-01-03',4323.08),
       (730,3,'expense',248.06,'Pago relacionado con Transporte público',59,'2025-02-04',-429.49),
       (731,3,'expense',68.47,'Pago relacionado con Peluquería',4,'2025-01-05',2973.02),
       (732,3,'income',425.63,'Ingreso relacionado con Agua',2,'2025-02-07',-29.37),
       (733,3,'expense',68.39,'Pago relacionado con Educación, salud y deporte',15,'2025-01-05',2904.63),
       (734,3,'expense',349.81,'Pago relacionado con Comunidad derramas',11,'2025-02-22',-49.24),
       (735,3,'expense',85.54,'Pago relacionado con Peluquería',4,'2025-03-09',230.09),
       (736,3,'expense',425.48,'Pago relacionado con Seguro de vida',51,'2025-01-10',650.32),
       (737,3,'expense',422.25,'Pago relacionado con Transporte público',59,'2025-02-28',-146.35),
       (738,3,'expense',421.13,'Pago relacionado con Pago de multas',39,'2025-02-01',25.28),
       (739,3,'expense',350.30,'Pago relacionado con ONGs',35,'2025-01-02',5427.81),
       (740,3,'income',465.50,'Ingreso relacionado con Hotel y alojamiento',22,'2025-02-09',287.33),
       (741,3,'expense',91.22,'Pago relacionado con Seguro de vida',51,'2025-03-29',-422.13),
       (742,3,'expense',291.06,'Pago relacionado con Cafeterías y restaurantes',6,'2025-01-30',-463.12),
       (743,3,'income',423.51,'Ingreso relacionado con Loterías y apuestas',30,'2025-01-16',274.27),
       (744,3,'expense',241.14,'Pago relacionado con Peajes',42,'2025-02-28',-387.49),
       (745,3,'income',467.53,'Ingreso relacionado con Ingresos de impuestos',23,'2025-03-29',45.40),
       (746,3,'income',339.43,'Ingreso relacionado con Seguro de hogar',48,'2025-03-01',-121.93),
       (747,3,'expense',67.63,'Pago relacionado con Peluquería',4,'2025-01-10',582.69),
       (748,3,'income',346.89,'Ingreso relacionado con Seguro de hogar',48,'2025-01-22',100.48),
       (749,3,'expense',449.34,'Pago relacionado con Libros, música y videojuegos',29,'2025-01-22',-348.86),
       (750,3,'expense',461.57,'Pago relacionado con Billetes de viaje',5,'2025-03-13',-102.88),
       (751,3,'expense',453.85,'Pago relacionado con Cajeros',7,'2025-01-25',-336.41),
       (752,3,'expense',229.84,'Pago relacionado con Ropa y complementos',47,'2025-02-18',39.38),
       (753,3,'income',404.37,'Ingreso relacionado con Plan de pensiones',43,'2025-03-27',-80.15),
       (754,3,'income',204.49,'Ingreso relacionado con Ropa y complementos',47,'2025-02-21',-204.19),
       (755,3,'income',281.31,'Ingreso relacionado con Alquiler de vehículo',45,'2025-01-29',-153.63),
       (756,3,'expense',445.90,'Pago relacionado con Cafeterías y restaurantes',6,'2025-03-24',-477.36),
       (757,3,'income',228.78,'Ingreso relacionado con Sindicatos',52,'2025-01-19',-117.72),
       (758,3,'income',403.81,'Ingreso relacionado con Cajeros',7,'2025-03-07',183.33),
       (759,3,'expense',57.60,'Pago relacionado con ONGs',35,'2025-01-12',365.20),
       (760,3,'expense',233.76,'Pago relacionado con Comunidad',10,'2025-02-22',-283.00),
       (761,3,'income',432.40,'Ingreso relacionado con Óptica',36,'2025-02-05',320.61),
       (762,3,'income',113.58,'Ingreso relacionado con Ingresos por otros pagos',27,'2025-01-30',-349.54),
       (763,3,'income',215.20,'Ingreso relacionado con ONGs',35,'2025-02-24',-108.05),
       (764,3,'expense',373.75,'Pago relacionado con Comunidad',10,'2025-03-25',-281.73),
       (765,3,'income',473.07,'Ingreso relacionado con Ingresos de impuestos',23,'2025-01-04',5117.45),
       (766,3,'expense',192.63,'Pago relacionado con Cine, teatro y espectáculos',8,'2025-03-27',-272.78),
       (767,3,'income',119.42,'Ingreso relacionado con Teléfono, TV e internet',56,'2025-02-04',-310.07),
       (768,3,'expense',299.72,'Pago relacionado con Transferencias',58,'2025-01-04',4817.73),
       (769,3,'expense',77.55,'Pago relacionado con Tren, avión, transporte',60,'2025-01-17',-258.23),
       (770,3,'income',327.25,'Ingreso relacionado con Teléfono, TV e internet',56,'2025-03-12',-120.46),
       (771,3,'expense',66.45,'Pago relacionado con Cafeterías y restaurantes',6,'2025-03-28',-435.68),
       (772,3,'expense',95.68,'Pago relacionado con Libros, música y videojuegos',29,'2025-03-25',-377.41),
       (773,3,'expense',116.08,'Pago relacionado con Decoración y mobiliario',12,'2025-01-16',158.19),
       (774,3,'income',74.88,'Ingreso relacionado con Ingresos por otros pagos',27,'2025-03-03',59.10),
       (775,3,'expense',140.97,'Pago relacionado con Teléfono, TV e internet',56,'2025-02-04',-451.04),
       (776,3,'expense',488.89,'Pago relacionado con Educación, salud y deporte',15,'2025-02-23',-347.43),
       (777,3,'expense',101.93,'Pago relacionado con Seguro de vida',51,'2025-03-06',-22.35),
       (778,3,'expense',144.20,'Pago relacionado con Deporte y gimnasio',14,'2025-03-01',-266.13),
       (779,3,'expense',148.73,'Pago relacionado con Educación, salud y deporte',15,'2025-01-12',216.47),
       (780,3,'expense',233.66,'Pago relacionado con Hipoteca',21,'2025-01-26',351.85),
       (781,3,'income',245.63,'Ingreso relacionado con Hipoteca',21,'2025-03-04',-10.32),
       (782,3,'income',200.62,'Ingreso relacionado con Gasolina y combustible',19,'2025-03-26',-176.79),
       (783,3,'income',277.59,'Ingreso relacionado con Mantenimiento del hogar',32,'2025-03-14',-106.38),
       (784,3,'expense',32.75,'Pago relacionado con Seguro de vehículo',50,'2025-03-13',-135.63),
       (785,3,'expense',188.41,'Pago relacionado con Transferencias',58,'2025-03-09',41.68),
       (786,3,'income',436.61,'Ingreso relacionado con Gastos de inmobiliaria',20,'2025-03-10',242.22),
       (787,3,'expense',193.06,'Pago relacionado con Transporte público',59,'2025-03-27',-465.84),
       (788,3,'income',244.57,'Ingreso relacionado con Ingresos por regalos',28,'2025-03-15',350.85),
       (789,3,'expense',74.09,'Pago relacionado con Suscripciones',54,'2025-02-17',-278.86),
       (790,3,'income',335.27,'Ingreso relacionado con Ingresos por loteria',26,'2025-03-24',-142.09),
       (791,3,'income',387.79,'Ingreso relacionado con Otros préstamos y avales',38,'2025-02-21',183.60),
       (792,3,'expense',28.38,'Pago relacionado con Sindicatos',52,'2025-01-09',1075.80),
       (793,3,'expense',360.74,'Pago relacionado con Gasolina y combustible',19,'2025-03-06',-383.09),
       (794,3,'expense',234.05,'Pago relacionado con Gasolina y combustible',19,'2025-03-23',-31.46),
       (795,3,'expense',432.60,'Pago relacionado con Educación, salud y deporte',15,'2025-03-09',-390.92),
       (796,3,'expense',237.45,'Pago relacionado con Comunidad',10,'2025-02-08',20.59),
       (797,3,'income',357.44,'Ingreso relacionado con Tarjetas financieras',55,'2025-02-22',74.44),
       (798,3,'expense',221.61,'Pago relacionado con Mantenimiento del vehículo',33,'2025-02-01',-196.33),
       (799,3,'expense',328.75,'Pago relacionado con Billetes de viaje',5,'2025-02-21',-145.15),
       (800,3,'expense',143.17,'Pago relacionado con Sindicatos',52,'2025-03-05',144.13),
       (801,3,'income',254.25,'Ingreso relacionado con ONGs',35,'2025-01-22',-94.61),
       (802,3,'expense',276.79,'Pago relacionado con Otros préstamos y avales',38,'2025-03-10',-34.57),
       (803,3,'income',375.45,'Ingreso relacionado con Mantenimiento del hogar',32,'2025-02-01',179.12),
       (804,3,'expense',134.63,'Pago relacionado con Mantenimiento del hogar',32,'2025-01-31',-453.34),
       (805,3,'expense',398.40,'Pago relacionado con Pagos impuestos',40,'2025-02-09',-111.07),
       (806,3,'expense',153.99,'Pago relacionado con Loterías y apuestas',30,'2025-03-29',-108.59),
       (807,3,'income',296.82,'Ingreso relacionado con Ingresos por regalos',28,'2025-03-26',120.03),
       (808,3,'income',279.96,'Ingreso relacionado con Electrónica',16,'2025-02-25',-165.03),
       (809,3,'income',429.82,'Ingreso relacionado con Dentista, médico',13,'2025-03-24',287.73),
       (810,3,'expense',261.75,'Pago relacionado con Otros gastos (otros)',37,'2025-01-27',90.10),
       (811,3,'expense',172.54,'Pago relacionado con Seguro de hogar',48,'2025-03-01',-438.67),
       (812,3,'expense',189.27,'Pago relacionado con Tren, avión, transporte',60,'2025-02-06',77.41),
       (813,3,'income',76.17,'Ingreso relacionado con Cafeterías y restaurantes',6,'2025-01-31',-377.17),
       (814,3,'expense',126.92,'Pago relacionado con Suscripciones',54,'2025-01-18',-464.83),
       (815,3,'income',290.17,'Ingreso relacionado con Ingresos por indemnizaciones',25,'2025-01-25',-46.24),
       (816,3,'expense',129.70,'Pago relacionado con Educación, salud y deporte',15,'2025-02-19',-192.79),
       (817,3,'expense',246.56,'Pago relacionado con Luz y gas',31,'2025-02-18',-207.18),
       (818,3,'expense',448.08,'Pago relacionado con Seguro de vida',51,'2025-01-21',-89.69),
       (819,3,'expense',348.51,'Pago relacionado con Sindicatos',52,'2025-02-06',-271.10),
       (820,3,'expense',195.71,'Pago relacionado con Educación, salud y deporte',15,'2025-03-24',92.02),
       (821,3,'income',494.78,'Ingreso relacionado con Ingresos por otros pagos',27,'2025-03-01',56.11),
       (822,3,'expense',71.96,'Pago relacionado con Seguro de vida',51,'2025-02-15',92.70),
       (823,3,'expense',239.52,'Pago relacionado con Billetes de viaje',5,'2025-02-22',-165.08),
       (824,3,'expense',64.55,'Pago relacionado con Peajes',42,'2025-03-05',79.58),
       (825,3,'income',417.85,'Ingreso relacionado con Nómina o Pensión',34,'2025-02-22',252.77),
       (826,3,'income',149.48,'Ingreso relacionado con Comunidad',10,'2025-02-03',-256.22),
       (827,3,'expense',142.62,'Pago relacionado con Hipoteca',21,'2025-01-16',15.57),
       (828,3,'expense',138.56,'Pago relacionado con Educación, salud y deporte',15,'2025-02-25',-303.59),
       (829,3,'income',48.81,'Ingreso relacionado con Ingresos de impuestos',23,'2025-02-08',69.40),
       (830,3,'income',479.15,'Ingreso relacionado con Otros gastos (otros)',37,'2025-03-12',358.69),
       (831,3,'expense',74.70,'Pago relacionado con Regalos y juguetes',46,'2025-01-06',2452.58),
       (832,3,'income',418.92,'Ingreso relacionado con Ropa y complementos',47,'2025-03-18',11.05),
       (833,3,'income',436.49,'Ingreso relacionado con Cafeterías y restaurantes',6,'2025-02-18',229.31),
       (834,3,'expense',85.90,'Pago relacionado con Parking y garaje',41,'2025-03-21',-17.32),
       (835,3,'income',444.42,'Ingreso relacionado con Óptica',36,'2025-01-15',272.43),
       (836,3,'expense',10.66,'Pago relacionado con Luz y gas',31,'2025-03-16',215.44),
       (837,3,'income',402.18,'Ingreso relacionado con Ropa y complementos',47,'2025-02-02',206.68),
       (838,3,'income',386.81,'Ingreso relacionado con Ingresos por indemnizaciones',25,'2025-03-07',570.14),
       (839,3,'income',422.57,'Ingreso relacionado con Transferencias',58,'2025-02-06',151.47),
       (840,3,'expense',248.34,'Pago relacionado con Otros gastos (otros)',37,'2025-03-13',-383.97),
       (841,3,'expense',481.32,'Pago relacionado con Mantenimiento del vehículo',33,'2025-01-02',4946.49),
       (842,3,'expense',134.76,'Pago relacionado con Suscripciones',54,'2025-02-07',-164.13),
       (843,3,'expense',319.90,'Pago relacionado con Ropa y complementos',47,'2025-01-05',2584.73),
       (844,3,'expense',336.93,'Pago relacionado con Alquiler de vehículo',45,'2025-03-01',-280.82),
       (845,3,'expense',132.98,'Pago relacionado con Seguro de salud',49,'2025-02-02',73.70),
       (846,3,'expense',40.66,'Pago relacionado con Cajeros',7,'2025-01-12',175.81),
       (847,3,'expense',322.58,'Pago relacionado con Pago de multas',39,'2025-01-21',-412.27),
       (848,3,'expense',151.35,'Pago relacionado con Gasolina y combustible',19,'2025-02-17',-430.21),
       (849,3,'expense',260.46,'Pago relacionado con Transacción entre cuentas',57,'2025-03-11',43.75),
       (850,3,'expense',206.00,'Pago relacionado con Otros gastos (otros)',37,'2025-01-01',6307.43),
       (851,3,'income',451.65,'Ingreso relacionado con Comunidad derramas',11,'2025-02-03',195.43),
       (852,3,'expense',158.76,'Pago relacionado con Abono de intereses',1,'2025-01-06',2293.82),
       (853,3,'expense',232.45,'Pago relacionado con Billetes de viaje',5,'2025-02-15',-139.75),
       (854,3,'expense',9.26,'Pago relacionado con Regalos y juguetes',46,'2025-03-22',-181.18),
       (855,3,'income',175.65,'Ingreso relacionado con Cine, teatro y espectáculos',8,'2025-01-30',-173.89),
       (856,3,'expense',79.76,'Pago relacionado con Cafeterías y restaurantes',6,'2025-02-16',-357.51),
       (857,3,'expense',279.25,'Pago relacionado con Cine, teatro y espectáculos',8,'2025-03-03',-220.15),
       (858,3,'expense',298.44,'Pago relacionado con Comisiones e intereses',9,'2025-01-28',-208.34),
       (859,3,'expense',247.57,'Pago relacionado con Tren, avión, transporte',60,'2025-02-08',-178.17),
       (860,3,'expense',23.12,'Pago relacionado con Luz y gas',31,'2025-02-18',206.19),
       (861,3,'income',101.72,'Ingreso relacionado con Ingresos por indemnizaciones',25,'2025-01-21',-310.55),
       (862,3,'expense',57.45,'Pago relacionado con Gastos de inmobiliaria',20,'2025-01-05',2527.28),
       (863,3,'income',384.85,'Ingreso relacionado con Peajes',42,'2025-02-25',81.26),
       (864,3,'expense',23.00,'Pago relacionado con Luz y gas',31,'2025-01-31',-400.17),
       (865,3,'expense',100.77,'Pago relacionado con Luz y gas',31,'2025-03-16',114.67),
       (866,3,'expense',269.28,'Pago relacionado con Seguro de vida',51,'2025-02-18',-63.09),
       (867,3,'income',323.33,'Ingreso relacionado con Tren, avión, transporte',60,'2025-02-10',-66.93),
       (868,3,'income',139.11,'Ingreso relacionado con Farmacia, herbolario y nutrición',17,'2025-03-27',-326.73),
       (869,3,'expense',62.10,'Pago relacionado con Fianza y garantia como inquilino',18,'2025-01-01',6245.33),
       (870,3,'income',450.17,'Ingreso relacionado con Educación, salud y deporte',15,'2025-01-22',355.56),
       (871,3,'expense',427.78,'Pago relacionado con Luz y gas',31,'2025-01-04',4389.95),
       (872,3,'income',199.47,'Ingreso relacionado con Cafeterías y restaurantes',6,'2025-01-18',-265.36),
       (873,3,'expense',416.81,'Pago relacionado con Transacción entre cuentas',57,'2025-03-04',-427.13),
       (874,3,'income',406.06,'Ingreso relacionado con Dentista, médico',13,'2025-02-23',58.63),
       (875,3,'income',446.56,'Ingreso relacionado con ONGs',35,'2025-03-04',19.43),
       (876,3,'income',306.01,'Ingreso relacionado con Supermercados y alimentación',53,'2025-02-26',22.89),
       (877,3,'expense',88.13,'Pago relacionado con Farmacia, herbolario y nutrición',17,'2025-01-24',164.65),
       (878,3,'expense',111.12,'Pago relacionado con Cajeros',7,'2025-03-07',459.02),
       (879,3,'expense',389.98,'Pago relacionado con Luz y gas',31,'2025-02-01',-210.86),
       (880,3,'expense',47.98,'Pago relacionado con Suscripciones',54,'2025-02-06',103.49),
       (881,3,'expense',73.71,'Pago relacionado con Ropa y complementos',47,'2025-02-22',179.06),
       (882,3,'income',253.48,'Ingreso relacionado con Fianza y garantia como inquilino',18,'2025-02-28',-134.01),
       (883,3,'expense',87.26,'Pago relacionado con Billetes de viaje',5,'2025-03-29',-195.85),
       (884,3,'expense',42.50,'Pago relacionado con Comisiones e intereses',9,'2025-03-27',-369.23),
       (885,3,'expense',11.30,'Pago relacionado con Abono de intereses',1,'2025-02-11',-211.54),
       (886,3,'expense',467.22,'Pago relacionado con Farmacia, herbolario y nutrición',17,'2025-01-01',5778.11),
       (887,3,'income',445.72,'Ingreso relacionado con Cajeros',7,'2025-02-21',300.57),
       (888,3,'expense',291.38,'Pago relacionado con Transporte público',59,'2025-01-22',64.18),
       (889,3,'expense',195.53,'Pago relacionado con Pagos impuestos',40,'2025-02-13',14.05),
       (890,3,'expense',339.22,'Pago relacionado con Suscripciones',54,'2025-01-16',-323.65),
       (891,3,'expense',450.94,'Pago relacionado con Ropa y complementos',47,'2025-01-04',3939.01),
       (892,3,'expense',310.22,'Pago relacionado con Deporte y gimnasio',14,'2025-03-18',-299.17),
       (893,3,'income',476.11,'Ingreso relacionado con Peajes',42,'2025-01-19',358.39),
       (894,3,'income',287.05,'Ingreso relacionado con Libros, música y videojuegos',29,'2025-02-16',-70.46),
       (895,3,'income',368.64,'Ingreso relacionado con Regalos y juguetes',46,'2025-01-21',58.09),
       (896,3,'expense',16.85,'Pago relacionado con Cajeros',7,'2025-02-25',64.41),
       (897,3,'income',345.39,'Ingreso relacionado con Decoración y mobiliario',12,'2025-02-19',152.60),
       (898,3,'income',445.12,'Ingreso relacionado con Educación, salud y deporte',15,'2025-02-14',222.92),
       (899,3,'expense',132.39,'Pago relacionado con Teléfono, TV e internet',56,'2025-01-15',140.04),
       (900,3,'expense',74.00,'Pago relacionado con Transacción entre cuentas',57,'2025-02-19',78.60);

INSERT INTO Transactions (idUser, type, amount, description, idCategory, date, balance) VALUES
(1, 'expense', 26, 'Pago relacionado con Cafeterías y restaurantes', 6, '2025-03-20', 100),
(1, 'expense', 33, 'Pago relacionado con Cafeterías y restaurantes', 6, '2025-03-22', 100),
(1, 'expense', 23, 'Pago relacionado con Cafeterías y restaurantes', 6, '2025-04-21', 100),
(1, 'expense', 17, 'Pago relacionado con Cafeterías y restaurantes', 6, '2025-03-21', 100),
(1, 'expense', 34, 'Pago relacionado con Cafeterías y restaurantes', 6, '2025-04-17', 100),
(1, 'expense', 25, 'Pago relacionado con Cafeterías y restaurantes', 6, '2025-03-17', 100),
(1, 'expense', 45, 'Pago relacionado con Cafeterías y restaurantes', 6, '2025-05-12', 100),
(1, 'expense', 24, 'Pago relacionado con Cafeterías y restaurantes', 6, '2025-03-28', 100),
(1, 'expense', 13, 'Pago relacionado con Cafeterías y restaurantes', 6, '2025-05-11', 100),
(1, 'expense', 43, 'Pago relacionado con Cafeterías y restaurantes', 6, '2025-03-05', 100),
(1, 'expense', 20, 'Pago relacionado con Cafeterías y restaurantes', 6, '2025-03-13', 100),
(1, 'expense', 13, 'Pago relacionado con Cafeterías y restaurantes', 6, '2025-04-11', 100),
(1, 'expense', 38, 'Pago relacionado con Cafeterías y restaurantes', 6, '2025-05-31', 100),
(1, 'expense', 50, 'Pago relacionado con Cafeterías y restaurantes', 6, '2025-04-30', 100),
(1, 'expense', 12, 'Pago relacionado con Cafeterías y restaurantes', 6, '2025-05-14', 100),
(1, 'expense', 23, 'Pago relacionado con Cafeterías y restaurantes', 6, '2025-04-10', 100),
(1, 'expense', 14, 'Pago relacionado con Cafeterías y restaurantes', 6, '2025-03-15', 100),
(1, 'expense', 40, 'Pago relacionado con Cafeterías y restaurantes', 6, '2025-04-30', 100),
(1, 'expense', 20, 'Pago relacionado con Cafeterías y restaurantes', 6, '2025-05-11', 100),
(1, 'expense', 44, 'Pago relacionado con Cafeterías y restaurantes', 6, '2025-02-26', 100),
(1, 'expense', 40, 'Pago relacionado con Cafeterías y restaurantes', 6, '2025-05-17', 100),
(1, 'expense', 39, 'Pago relacionado con Cafeterías y restaurantes', 6, '2025-04-19', 100),
(1, 'expense', 39, 'Pago relacionado con Cafeterías y restaurantes', 6, '2025-03-12', 100),
(1, 'expense', 15, 'Pago relacionado con Cafeterías y restaurantes', 6, '2025-02-07', 100),
(1, 'expense', 27, 'Pago relacionado con Cafeterías y restaurantes', 6, '2025-03-05', 100),
(1, 'expense', 33, 'Pago relacionado con Cafeterías y restaurantes', 6, '2025-03-23', 100),
(1, 'expense', 10, 'Pago relacionado con Cafeterías y restaurantes', 6, '2025-05-02', 100),
(1, 'expense', 26, 'Pago relacionado con Cafeterías y restaurantes', 6, '2025-03-14', 100),
(1, 'expense', 34, 'Pago relacionado con Cafeterías y restaurantes', 6, '2025-02-10', 100),
(1, 'expense', 37, 'Pago relacionado con Cafeterías y restaurantes', 6, '2025-05-19', 100),
(1, 'expense', 38, 'Pago relacionado con Cafeterías y restaurantes', 6, '2025-04-14', 100),
(1, 'expense', 23, 'Pago relacionado con Cafeterías y restaurantes', 6, '2025-04-29', 100),
(1, 'expense', 29, 'Pago relacionado con Cafeterías y restaurantes', 6, '2025-02-04', 100),
(1, 'expense', 41, 'Pago relacionado con Cafeterías y restaurantes', 6, '2025-04-18', 100),
(1, 'expense', 23, 'Pago relacionado con Cafeterías y restaurantes', 6, '2025-05-17', 100),
(1, 'expense', 26, 'Pago relacionado con Cafeterías y restaurantes', 6, '2025-05-02', 100),
(1, 'expense', 29, 'Pago relacionado con Cafeterías y restaurantes', 6, '2025-02-20', 100),
(1, 'expense', 49, 'Pago relacionado con Cafeterías y restaurantes', 6, '2025-03-21', 100),
(1, 'expense', 33, 'Pago relacionado con Cafeterías y restaurantes', 6, '2025-05-27', 100),
(1, 'expense', 34, 'Pago relacionado con Cafeterías y restaurantes', 6, '2025-04-27', 100),
(1, 'expense', 34, 'Pago relacionado con Cafeterías y restaurantes', 6, '2025-03-03', 100),
(1, 'expense', 39, 'Pago relacionado con Cafeterías y restaurantes', 6, '2025-02-02', 100),
(1, 'expense', 25, 'Pago relacionado con Cafeterías y restaurantes', 6, '2025-05-26', 100),
(1, 'expense', 30, 'Pago relacionado con Cafeterías y restaurantes', 6, '2025-05-27', 100),
(1, 'expense', 16, 'Pago relacionado con Cafeterías y restaurantes', 6, '2025-02-01', 100),
(1, 'expense', 24, 'Pago relacionado con Cafeterías y restaurantes', 6, '2025-02-16', 100),
(1, 'expense', 36, 'Pago relacionado con Cafeterías y restaurantes', 6, '2025-04-06', 100),
(1, 'expense', 49, 'Pago relacionado con Cafeterías y restaurantes', 6, '2025-02-23', 100),
(1, 'expense', 24, 'Pago relacionado con Cafeterías y restaurantes', 6, '2025-05-03', 100),
(1, 'expense', 22, 'Pago relacionado con Cafeterías y restaurantes', 6, '2025-04-07', 100),
(1, 'expense', 14, 'Pago relacionado con Cafeterías y restaurantes', 6, '2025-03-19', 100),
(1, 'expense', 35, 'Pago relacionado con Cafeterías y restaurantes', 6, '2025-05-20', 100),
(1, 'expense', 16, 'Pago relacionado con Cafeterías y restaurantes', 6, '2025-04-14', 100),
(1, 'expense', 20, 'Pago relacionado con Cafeterías y restaurantes', 6, '2025-05-12', 100),
(1, 'expense', 50, 'Pago relacionado con Cafeterías y restaurantes', 6, '2025-03-14', 100),
(1, 'expense', 20, 'Pago relacionado con Cafeterías y restaurantes', 6, '2025-03-30', 100),
(1, 'expense', 24, 'Pago relacionado con Cafeterías y restaurantes', 6, '2025-05-27', 100),
(1, 'expense', 30, 'Pago relacionado con Cafeterías y restaurantes', 6, '2025-05-13', 100),
(1, 'expense', 25, 'Pago relacionado con Cafeterías y restaurantes', 6, '2025-04-04', 100),
(1, 'expense', 14, 'Pago relacionado con Cafeterías y restaurantes', 6, '2025-03-05', 100),
(1, 'expense', 17, 'Pago relacionado con Cafeterías y restaurantes', 6, '2025-05-24', 100),
(1, 'expense', 31, 'Pago relacionado con Cafeterías y restaurantes', 6, '2025-04-26', 100),
(1, 'expense', 17, 'Pago relacionado con Cafeterías y restaurantes', 6, '2025-02-23', 100),
(1, 'expense', 16, 'Pago relacionado con Cafeterías y restaurantes', 6, '2025-05-09', 100),
(1, 'expense', 38, 'Pago relacionado con Cafeterías y restaurantes', 6, '2025-05-24', 100),
(1, 'expense', 19, 'Pago relacionado con Cafeterías y restaurantes', 6, '2025-05-25', 100),
(1, 'expense', 10, 'Pago relacionado con Cafeterías y restaurantes', 6, '2025-04-11', 100),
(1, 'expense', 33, 'Pago relacionado con Cafeterías y restaurantes', 6, '2025-03-11', 100),
(1, 'expense', 30, 'Pago relacionado con Cafeterías y restaurantes', 6, '2025-02-14', 100),
(1, 'expense', 12, 'Pago relacionado con Cafeterías y restaurantes', 6, '2025-03-22', 100),
(1, 'expense', 11, 'Pago relacionado con Cafeterías y restaurantes', 6, '2025-04-25', 100),
(1, 'expense', 21, 'Pago relacionado con Cafeterías y restaurantes', 6, '2025-03-26', 100),
(1, 'expense', 19, 'Pago relacionado con Cafeterías y restaurantes', 6, '2025-05-21', 100),
(1, 'expense', 41, 'Pago relacionado con Cafeterías y restaurantes', 6, '2025-04-01', 100),
(1, 'expense', 44, 'Pago relacionado con Cafeterías y restaurantes', 6, '2025-05-17', 100),
(1, 'expense', 34, 'Pago relacionado con Cafeterías y restaurantes', 6, '2025-05-02', 100),
(1, 'expense', 40, 'Pago relacionado con Cafeterías y restaurantes', 6, '2025-03-21', 100),
(1, 'expense', 28, 'Pago relacionado con Cafeterías y restaurantes', 6, '2025-03-23', 100),
(1, 'expense', 18, 'Pago relacionado con Cafeterías y restaurantes', 6, '2025-05-15', 100),
(1, 'expense', 41, 'Pago relacionado con Cafeterías y restaurantes', 6, '2025-05-26', 100),
(1, 'expense', 10, 'Pago relacionado con Cafeterías y restaurantes', 6, '2025-05-22', 100),
(1, 'expense', 48, 'Pago relacionado con Cafeterías y restaurantes', 6, '2025-02-13', 100),
(1, 'expense', 32, 'Pago relacionado con Cafeterías y restaurantes', 6, '2025-04-27', 100),
(1, 'expense', 36, 'Pago relacionado con Cafeterías y restaurantes', 6, '2025-03-02', 100),
(1, 'expense', 40, 'Pago relacionado con Cafeterías y restaurantes', 6, '2025-03-09', 100),
(1, 'expense', 18, 'Pago relacionado con Cafeterías y restaurantes', 6, '2025-05-12', 100),
(1, 'expense', 35, 'Pago relacionado con Cafeterías y restaurantes', 6, '2025-03-04', 100),
(1, 'expense', 13, 'Pago relacionado con Cafeterías y restaurantes', 6, '2025-03-26', 100),
(1, 'expense', 34, 'Pago relacionado con Cafeterías y restaurantes', 6, '2025-04-08', 100),
(1, 'expense', 34, 'Pago relacionado con Cafeterías y restaurantes', 6, '2025-02-24', 100),
(1, 'expense', 29, 'Pago relacionado con Cafeterías y restaurantes', 6, '2025-03-06', 100),
(1, 'expense', 12, 'Pago relacionado con Cafeterías y restaurantes', 6, '2025-05-09', 100),
(1, 'expense', 34, 'Pago relacionado con Cafeterías y restaurantes', 6, '2025-02-26', 100),
(1, 'expense', 47, 'Pago relacionado con Cafeterías y restaurantes', 6, '2025-05-31', 100),
(1, 'expense', 47, 'Pago relacionado con Cafeterías y restaurantes', 6, '2025-02-06', 100),
(1, 'expense', 33, 'Pago relacionado con Cafeterías y restaurantes', 6, '2025-02-24', 100),
(1, 'expense', 45, 'Pago relacionado con Cafeterías y restaurantes', 6, '2025-04-22', 100),
(1, 'expense', 20, 'Pago relacionado con Cafeterías y restaurantes', 6, '2025-05-05', 100),
(1, 'expense', 30, 'Pago relacionado con Cafeterías y restaurantes', 6, '2025-03-01', 100),
(1, 'expense', 30, 'Pago relacionado con Cafeterías y restaurantes', 6, '2025-03-29', 100);

INSERT INTO Transactions (idUser, type, amount, description, idCategory, date, balance) VALUES
(2, 'expense', 26, 'Pago relacionado con Cafeterías y restaurantes', 6, '2025-03-20', 100),
(2, 'expense', 33, 'Pago relacionado con Cafeterías y restaurantes', 6, '2025-03-22', 100),
(2, 'expense', 23, 'Pago relacionado con Cafeterías y restaurantes', 6, '2025-04-21', 100),
(2, 'expense', 17, 'Pago relacionado con Cafeterías y restaurantes', 6, '2025-03-21', 100),
(2, 'expense', 34, 'Pago relacionado con Cafeterías y restaurantes', 6, '2025-04-17', 100),
(2, 'expense', 25, 'Pago relacionado con Cafeterías y restaurantes', 6, '2025-03-17', 100),
(2, 'expense', 45, 'Pago relacionado con Cafeterías y restaurantes', 6, '2025-05-12', 100),
(2, 'expense', 24, 'Pago relacionado con Cafeterías y restaurantes', 6, '2025-03-28', 100),
(2, 'expense', 13, 'Pago relacionado con Cafeterías y restaurantes', 6, '2025-05-11', 100),
(2, 'expense', 43, 'Pago relacionado con Cafeterías y restaurantes', 6, '2025-03-05', 100),
(2, 'expense', 20, 'Pago relacionado con Cafeterías y restaurantes', 6, '2025-03-13', 100),
(2, 'expense', 13, 'Pago relacionado con Cafeterías y restaurantes', 6, '2025-04-11', 100),
(2, 'expense', 38, 'Pago relacionado con Cafeterías y restaurantes', 6, '2025-05-31', 100),
(2, 'expense', 50, 'Pago relacionado con Cafeterías y restaurantes', 6, '2025-04-30', 100),
(2, 'expense', 12, 'Pago relacionado con Cafeterías y restaurantes', 6, '2025-05-14', 100),
(2, 'expense', 23, 'Pago relacionado con Cafeterías y restaurantes', 6, '2025-04-10', 100),
(2, 'expense', 14, 'Pago relacionado con Cafeterías y restaurantes', 6, '2025-03-15', 100),
(2, 'expense', 40, 'Pago relacionado con Cafeterías y restaurantes', 6, '2025-04-30', 100),
(2, 'expense', 20, 'Pago relacionado con Cafeterías y restaurantes', 6, '2025-05-11', 100),
(2, 'expense', 44, 'Pago relacionado con Cafeterías y restaurantes', 6, '2025-02-26', 100),
(2, 'expense', 40, 'Pago relacionado con Cafeterías y restaurantes', 6, '2025-05-17', 100),
(2, 'expense', 39, 'Pago relacionado con Cafeterías y restaurantes', 6, '2025-04-19', 100),
(2, 'expense', 39, 'Pago relacionado con Cafeterías y restaurantes', 6, '2025-03-12', 100),
(2, 'expense', 15, 'Pago relacionado con Cafeterías y restaurantes', 6, '2025-02-07', 100),
(2, 'expense', 27, 'Pago relacionado con Cafeterías y restaurantes', 6, '2025-03-05', 100),
(2, 'expense', 33, 'Pago relacionado con Cafeterías y restaurantes', 6, '2025-03-23', 100),
(2, 'expense', 10, 'Pago relacionado con Cafeterías y restaurantes', 6, '2025-05-02', 100),
(2, 'expense', 26, 'Pago relacionado con Cafeterías y restaurantes', 6, '2025-03-14', 100),
(2, 'expense', 34, 'Pago relacionado con Cafeterías y restaurantes', 6, '2025-02-10', 100),
(2, 'expense', 37, 'Pago relacionado con Cafeterías y restaurantes', 6, '2025-05-19', 100),
(2, 'expense', 38, 'Pago relacionado con Cafeterías y restaurantes', 6, '2025-04-14', 100),
(2, 'expense', 23, 'Pago relacionado con Cafeterías y restaurantes', 6, '2025-04-29', 100),
(2, 'expense', 29, 'Pago relacionado con Cafeterías y restaurantes', 6, '2025-02-04', 100),
(2, 'expense', 41, 'Pago relacionado con Cafeterías y restaurantes', 6, '2025-04-18', 100),
(2, 'expense', 23, 'Pago relacionado con Cafeterías y restaurantes', 6, '2025-05-17', 100),
(2, 'expense', 26, 'Pago relacionado con Cafeterías y restaurantes', 6, '2025-05-02', 100),
(2, 'expense', 29, 'Pago relacionado con Cafeterías y restaurantes', 6, '2025-02-20', 100),
(2, 'expense', 49, 'Pago relacionado con Cafeterías y restaurantes', 6, '2025-03-21', 100),
(2, 'expense', 33, 'Pago relacionado con Cafeterías y restaurantes', 6, '2025-05-27', 100),
(2, 'expense', 34, 'Pago relacionado con Cafeterías y restaurantes', 6, '2025-04-27', 100),
(2, 'expense', 34, 'Pago relacionado con Cafeterías y restaurantes', 6, '2025-03-03', 100),
(2, 'expense', 39, 'Pago relacionado con Cafeterías y restaurantes', 6, '2025-02-02', 100),
(2, 'expense', 25, 'Pago relacionado con Cafeterías y restaurantes', 6, '2025-05-26', 100),
(2, 'expense', 30, 'Pago relacionado con Cafeterías y restaurantes', 6, '2025-05-27', 100),
(2, 'expense', 16, 'Pago relacionado con Cafeterías y restaurantes', 6, '2025-02-01', 100),
(2, 'expense', 24, 'Pago relacionado con Cafeterías y restaurantes', 6, '2025-02-16', 100),
(2, 'expense', 36, 'Pago relacionado con Cafeterías y restaurantes', 6, '2025-04-06', 100),
(2, 'expense', 49, 'Pago relacionado con Cafeterías y restaurantes', 6, '2025-02-23', 100),
(2, 'expense', 24, 'Pago relacionado con Cafeterías y restaurantes', 6, '2025-05-03', 100),
(2, 'expense', 22, 'Pago relacionado con Cafeterías y restaurantes', 6, '2025-04-07', 100),
(2, 'expense', 14, 'Pago relacionado con Cafeterías y restaurantes', 6, '2025-03-19', 100),
(2, 'expense', 35, 'Pago relacionado con Cafeterías y restaurantes', 6, '2025-05-20', 100),
(2, 'expense', 16, 'Pago relacionado con Cafeterías y restaurantes', 6, '2025-04-14', 100),
(2, 'expense', 20, 'Pago relacionado con Cafeterías y restaurantes', 6, '2025-05-12', 100),
(2, 'expense', 50, 'Pago relacionado con Cafeterías y restaurantes', 6, '2025-03-14', 100),
(2, 'expense', 20, 'Pago relacionado con Cafeterías y restaurantes', 6, '2025-03-30', 100),
(2, 'expense', 24, 'Pago relacionado con Cafeterías y restaurantes', 6, '2025-05-27', 100),
(2, 'expense', 30, 'Pago relacionado con Cafeterías y restaurantes', 6, '2025-05-13', 100),
(2, 'expense', 25, 'Pago relacionado con Cafeterías y restaurantes', 6, '2025-04-04', 100),
(2, 'expense', 14, 'Pago relacionado con Cafeterías y restaurantes', 6, '2025-03-05', 100),
(2, 'expense', 17, 'Pago relacionado con Cafeterías y restaurantes', 6, '2025-05-24', 100),
(2, 'expense', 31, 'Pago relacionado con Cafeterías y restaurantes', 6, '2025-04-26', 100),
(2, 'expense', 17, 'Pago relacionado con Cafeterías y restaurantes', 6, '2025-02-23', 100),
(2, 'expense', 16, 'Pago relacionado con Cafeterías y restaurantes', 6, '2025-05-09', 100),
(2, 'expense', 38, 'Pago relacionado con Cafeterías y restaurantes', 6, '2025-05-24', 100),
(2, 'expense', 19, 'Pago relacionado con Cafeterías y restaurantes', 6, '2025-05-25', 100),
(2, 'expense', 10, 'Pago relacionado con Cafeterías y restaurantes', 6, '2025-04-11', 100),
(2, 'expense', 33, 'Pago relacionado con Cafeterías y restaurantes', 6, '2025-03-11', 100),
(2, 'expense', 30, 'Pago relacionado con Cafeterías y restaurantes', 6, '2025-02-14', 100),
(2, 'expense', 12, 'Pago relacionado con Cafeterías y restaurantes', 6, '2025-03-22', 100),
(2, 'expense', 11, 'Pago relacionado con Cafeterías y restaurantes', 6, '2025-04-25', 100),
(2, 'expense', 21, 'Pago relacionado con Cafeterías y restaurantes', 6, '2025-03-26', 100),
(2, 'expense', 19, 'Pago relacionado con Cafeterías y restaurantes', 6, '2025-05-21', 100),
(2, 'expense', 41, 'Pago relacionado con Cafeterías y restaurantes', 6, '2025-04-01', 100),
(2, 'expense', 44, 'Pago relacionado con Cafeterías y restaurantes', 6, '2025-05-17', 100),
(2, 'expense', 34, 'Pago relacionado con Cafeterías y restaurantes', 6, '2025-05-02', 100),
(2, 'expense', 40, 'Pago relacionado con Cafeterías y restaurantes', 6, '2025-03-21', 100),
(2, 'expense', 28, 'Pago relacionado con Cafeterías y restaurantes', 6, '2025-03-23', 100),
(2, 'expense', 18, 'Pago relacionado con Cafeterías y restaurantes', 6, '2025-05-15', 100),
(2, 'expense', 41, 'Pago relacionado con Cafeterías y restaurantes', 6, '2025-05-26', 100),
(2, 'expense', 10, 'Pago relacionado con Cafeterías y restaurantes', 6, '2025-05-22', 100),
(2, 'expense', 48, 'Pago relacionado con Cafeterías y restaurantes', 6, '2025-02-13', 100),
(2, 'expense', 32, 'Pago relacionado con Cafeterías y restaurantes', 6, '2025-04-27', 100),
(2, 'expense', 36, 'Pago relacionado con Cafeterías y restaurantes', 6, '2025-03-02', 100),
(2, 'expense', 40, 'Pago relacionado con Cafeterías y restaurantes', 6, '2025-03-09', 100),
(2, 'expense', 18, 'Pago relacionado con Cafeterías y restaurantes', 6, '2025-05-12', 100),
(2, 'expense', 35, 'Pago relacionado con Cafeterías y restaurantes', 6, '2025-03-04', 100),
(2, 'expense', 13, 'Pago relacionado con Cafeterías y restaurantes', 6, '2025-03-26', 100),
(2, 'expense', 34, 'Pago relacionado con Cafeterías y restaurantes', 6, '2025-04-08', 100),
(2, 'expense', 34, 'Pago relacionado con Cafeterías y restaurantes', 6, '2025-02-24', 100),
(2, 'expense', 29, 'Pago relacionado con Cafeterías y restaurantes', 6, '2025-03-06', 100),
(2, 'expense', 12, 'Pago relacionado con Cafeterías y restaurantes', 6, '2025-05-09', 100),
(2, 'expense', 34, 'Pago relacionado con Cafeterías y restaurantes', 6, '2025-02-26', 100),
(2, 'expense', 47, 'Pago relacionado con Cafeterías y restaurantes', 6, '2025-05-31', 100),
(2, 'expense', 47, 'Pago relacionado con Cafeterías y restaurantes', 6, '2025-02-06', 100),
(2, 'expense', 33, 'Pago relacionado con Cafeterías y restaurantes', 6, '2025-02-24', 100),
(2, 'expense', 45, 'Pago relacionado con Cafeterías y restaurantes', 6, '2025-04-22', 100),
(2, 'expense', 20, 'Pago relacionado con Cafeterías y restaurantes', 6, '2025-05-05', 100),
(2, 'expense', 30, 'Pago relacionado con Cafeterías y restaurantes', 6, '2025-03-01', 100),
(2, 'expense', 30, 'Pago relacionado con Cafeterías y restaurantes', 6, '2025-03-29', 100);

INSERT INTO Transactions (idUser, type, amount, description, idCategory, date, balance) VALUES
(3, 'expense', 26, 'Pago relacionado con Cafeterías y restaurantes', 6, '2025-03-20', 100),
(3, 'expense', 33, 'Pago relacionado con Cafeterías y restaurantes', 6, '2025-03-22', 100),
(3, 'expense', 23, 'Pago relacionado con Cafeterías y restaurantes', 6, '2025-04-21', 100),
(3, 'expense', 17, 'Pago relacionado con Cafeterías y restaurantes', 6, '2025-03-21', 100),
(3, 'expense', 34, 'Pago relacionado con Cafeterías y restaurantes', 6, '2025-04-17', 100),
(3, 'expense', 25, 'Pago relacionado con Cafeterías y restaurantes', 6, '2025-03-17', 100),
(3, 'expense', 45, 'Pago relacionado con Cafeterías y restaurantes', 6, '2025-05-12', 100),
(3, 'expense', 24, 'Pago relacionado con Cafeterías y restaurantes', 6, '2025-03-28', 100),
(3, 'expense', 13, 'Pago relacionado con Cafeterías y restaurantes', 6, '2025-05-11', 100),
(3, 'expense', 43, 'Pago relacionado con Cafeterías y restaurantes', 6, '2025-03-05', 100),
(3, 'expense', 20, 'Pago relacionado con Cafeterías y restaurantes', 6, '2025-03-13', 100),
(3, 'expense', 13, 'Pago relacionado con Cafeterías y restaurantes', 6, '2025-04-11', 100),
(3, 'expense', 38, 'Pago relacionado con Cafeterías y restaurantes', 6, '2025-05-31', 100),
(3, 'expense', 50, 'Pago relacionado con Cafeterías y restaurantes', 6, '2025-04-30', 100),
(3, 'expense', 12, 'Pago relacionado con Cafeterías y restaurantes', 6, '2025-05-14', 100),
(3, 'expense', 23, 'Pago relacionado con Cafeterías y restaurantes', 6, '2025-04-10', 100),
(3, 'expense', 14, 'Pago relacionado con Cafeterías y restaurantes', 6, '2025-03-15', 100),
(3, 'expense', 40, 'Pago relacionado con Cafeterías y restaurantes', 6, '2025-04-30', 100),
(3, 'expense', 20, 'Pago relacionado con Cafeterías y restaurantes', 6, '2025-05-11', 100),
(3, 'expense', 44, 'Pago relacionado con Cafeterías y restaurantes', 6, '2025-02-26', 100),
(3, 'expense', 40, 'Pago relacionado con Cafeterías y restaurantes', 6, '2025-05-17', 100),
(3, 'expense', 39, 'Pago relacionado con Cafeterías y restaurantes', 6, '2025-04-19', 100),
(3, 'expense', 39, 'Pago relacionado con Cafeterías y restaurantes', 6, '2025-03-12', 100),
(3, 'expense', 15, 'Pago relacionado con Cafeterías y restaurantes', 6, '2025-02-07', 100),
(3, 'expense', 27, 'Pago relacionado con Cafeterías y restaurantes', 6, '2025-03-05', 100),
(3, 'expense', 33, 'Pago relacionado con Cafeterías y restaurantes', 6, '2025-03-23', 100),
(3, 'expense', 10, 'Pago relacionado con Cafeterías y restaurantes', 6, '2025-05-02', 100),
(3, 'expense', 26, 'Pago relacionado con Cafeterías y restaurantes', 6, '2025-03-14', 100),
(3, 'expense', 34, 'Pago relacionado con Cafeterías y restaurantes', 6, '2025-02-10', 100),
(3, 'expense', 37, 'Pago relacionado con Cafeterías y restaurantes', 6, '2025-05-19', 100),
(3, 'expense', 38, 'Pago relacionado con Cafeterías y restaurantes', 6, '2025-04-14', 100),
(3, 'expense', 23, 'Pago relacionado con Cafeterías y restaurantes', 6, '2025-04-29', 100),
(3, 'expense', 29, 'Pago relacionado con Cafeterías y restaurantes', 6, '2025-02-04', 100),
(3, 'expense', 41, 'Pago relacionado con Cafeterías y restaurantes', 6, '2025-04-18', 100),
(3, 'expense', 23, 'Pago relacionado con Cafeterías y restaurantes', 6, '2025-05-17', 100),
(3, 'expense', 26, 'Pago relacionado con Cafeterías y restaurantes', 6, '2025-05-02', 100),
(3, 'expense', 29, 'Pago relacionado con Cafeterías y restaurantes', 6, '2025-02-20', 100),
(3, 'expense', 49, 'Pago relacionado con Cafeterías y restaurantes', 6, '2025-03-21', 100),
(3, 'expense', 33, 'Pago relacionado con Cafeterías y restaurantes', 6, '2025-05-27', 100),
(3, 'expense', 34, 'Pago relacionado con Cafeterías y restaurantes', 6, '2025-04-27', 100),
(3, 'expense', 34, 'Pago relacionado con Cafeterías y restaurantes', 6, '2025-03-03', 100),
(3, 'expense', 39, 'Pago relacionado con Cafeterías y restaurantes', 6, '2025-02-02', 100),
(3, 'expense', 25, 'Pago relacionado con Cafeterías y restaurantes', 6, '2025-05-26', 100),
(3, 'expense', 30, 'Pago relacionado con Cafeterías y restaurantes', 6, '2025-05-27', 100),
(3, 'expense', 16, 'Pago relacionado con Cafeterías y restaurantes', 6, '2025-02-01', 100),
(3, 'expense', 24, 'Pago relacionado con Cafeterías y restaurantes', 6, '2025-02-16', 100),
(3, 'expense', 36, 'Pago relacionado con Cafeterías y restaurantes', 6, '2025-04-06', 100),
(3, 'expense', 49, 'Pago relacionado con Cafeterías y restaurantes', 6, '2025-02-23', 100),
(3, 'expense', 24, 'Pago relacionado con Cafeterías y restaurantes', 6, '2025-05-03', 100),
(3, 'expense', 22, 'Pago relacionado con Cafeterías y restaurantes', 6, '2025-04-07', 100),
(3, 'expense', 14, 'Pago relacionado con Cafeterías y restaurantes', 6, '2025-03-19', 100),
(3, 'expense', 35, 'Pago relacionado con Cafeterías y restaurantes', 6, '2025-05-20', 100),
(3, 'expense', 16, 'Pago relacionado con Cafeterías y restaurantes', 6, '2025-04-14', 100),
(3, 'expense', 20, 'Pago relacionado con Cafeterías y restaurantes', 6, '2025-05-12', 100),
(3, 'expense', 50, 'Pago relacionado con Cafeterías y restaurantes', 6, '2025-03-14', 100),
(3, 'expense', 20, 'Pago relacionado con Cafeterías y restaurantes', 6, '2025-03-30', 100),
(3, 'expense', 24, 'Pago relacionado con Cafeterías y restaurantes', 6, '2025-05-27', 100),
(3, 'expense', 30, 'Pago relacionado con Cafeterías y restaurantes', 6, '2025-05-13', 100),
(3, 'expense', 25, 'Pago relacionado con Cafeterías y restaurantes', 6, '2025-04-04', 100),
(3, 'expense', 14, 'Pago relacionado con Cafeterías y restaurantes', 6, '2025-03-05', 100),
(3, 'expense', 17, 'Pago relacionado con Cafeterías y restaurantes', 6, '2025-05-24', 100),
(3, 'expense', 31, 'Pago relacionado con Cafeterías y restaurantes', 6, '2025-04-26', 100),
(3, 'expense', 17, 'Pago relacionado con Cafeterías y restaurantes', 6, '2025-02-23', 100),
(3, 'expense', 16, 'Pago relacionado con Cafeterías y restaurantes', 6, '2025-05-09', 100),
(3, 'expense', 38, 'Pago relacionado con Cafeterías y restaurantes', 6, '2025-05-24', 100),
(3, 'expense', 19, 'Pago relacionado con Cafeterías y restaurantes', 6, '2025-05-25', 100),
(3, 'expense', 10, 'Pago relacionado con Cafeterías y restaurantes', 6, '2025-04-11', 100),
(3, 'expense', 33, 'Pago relacionado con Cafeterías y restaurantes', 6, '2025-03-11', 100),
(3, 'expense', 30, 'Pago relacionado con Cafeterías y restaurantes', 6, '2025-02-14', 100),
(3, 'expense', 12, 'Pago relacionado con Cafeterías y restaurantes', 6, '2025-03-22', 100),
(3, 'expense', 11, 'Pago relacionado con Cafeterías y restaurantes', 6, '2025-04-25', 100),
(3, 'expense', 21, 'Pago relacionado con Cafeterías y restaurantes', 6, '2025-03-26', 100),
(3, 'expense', 19, 'Pago relacionado con Cafeterías y restaurantes', 6, '2025-05-21', 100),
(3, 'expense', 41, 'Pago relacionado con Cafeterías y restaurantes', 6, '2025-04-01', 100),
(3, 'expense', 44, 'Pago relacionado con Cafeterías y restaurantes', 6, '2025-05-17', 100),
(3, 'expense', 34, 'Pago relacionado con Cafeterías y restaurantes', 6, '2025-05-02', 100),
(3, 'expense', 40, 'Pago relacionado con Cafeterías y restaurantes', 6, '2025-03-21', 100),
(3, 'expense', 28, 'Pago relacionado con Cafeterías y restaurantes', 6, '2025-03-23', 100),
(3, 'expense', 18, 'Pago relacionado con Cafeterías y restaurantes', 6, '2025-05-15', 100),
(3, 'expense', 41, 'Pago relacionado con Cafeterías y restaurantes', 6, '2025-05-26', 100),
(3, 'expense', 10, 'Pago relacionado con Cafeterías y restaurantes', 6, '2025-05-22', 100),
(3, 'expense', 48, 'Pago relacionado con Cafeterías y restaurantes', 6, '2025-02-13', 100),
(3, 'expense', 32, 'Pago relacionado con Cafeterías y restaurantes', 6, '2025-04-27', 100),
(3, 'expense', 36, 'Pago relacionado con Cafeterías y restaurantes', 6, '2025-03-02', 100),
(3, 'expense', 40, 'Pago relacionado con Cafeterías y restaurantes', 6, '2025-03-09', 100),
(3, 'expense', 18, 'Pago relacionado con Cafeterías y restaurantes', 6, '2025-05-12', 100),
(3, 'expense', 35, 'Pago relacionado con Cafeterías y restaurantes', 6, '2025-03-04', 100),
(3, 'expense', 13, 'Pago relacionado con Cafeterías y restaurantes', 6, '2025-03-26', 100),
(3, 'expense', 34, 'Pago relacionado con Cafeterías y restaurantes', 6, '2025-04-08', 100),
(3, 'expense', 34, 'Pago relacionado con Cafeterías y restaurantes', 6, '2025-02-24', 100),
(3, 'expense', 29, 'Pago relacionado con Cafeterías y restaurantes', 6, '2025-03-06', 100),
(3, 'expense', 12, 'Pago relacionado con Cafeterías y restaurantes', 6, '2025-05-09', 100),
(3, 'expense', 34, 'Pago relacionado con Cafeterías y restaurantes', 6, '2025-02-26', 100),
(3, 'expense', 47, 'Pago relacionado con Cafeterías y restaurantes', 6, '2025-05-31', 100),
(3, 'expense', 47, 'Pago relacionado con Cafeterías y restaurantes', 6, '2025-02-06', 100),
(3, 'expense', 33, 'Pago relacionado con Cafeterías y restaurantes', 6, '2025-02-24', 100),
(3, 'expense', 45, 'Pago relacionado con Cafeterías y restaurantes', 6, '2025-04-22', 100),
(3, 'expense', 20, 'Pago relacionado con Cafeterías y restaurantes', 6, '2025-05-05', 100),
(3, 'expense', 30, 'Pago relacionado con Cafeterías y restaurantes', 6, '2025-03-01', 100),
(3, 'expense', 30, 'Pago relacionado con Cafeterías y restaurantes', 6, '2025-03-29', 100);
/*!40000 ALTER TABLE `Transactions` ENABLE KEYS */;

-- Poblamiento de la tabla Budgets
INSERT INTO `Budgets` (`idUser`, `idCategory`, `limitAmount`, `month`, `createdAt`) VALUES
(1, 1, 100.00, '2025-01', NOW()),
(1, 2, 50.00, '2025-01', NOW()),
(1, 3, 300.00, '2025-01', NOW()),
(1, 4, 25.00, '2025-01', NOW()),
(1, 5, 100.00, '2025-01', NOW()),
(1, 6, 150.00, '2025-01', NOW()),
(1, 7, 80.00, '2025-02', NOW()),
(1, 8, 50.00, '2025-02', NOW()),
(1, 9, 200.00, '2025-02', NOW()),
(1, 10, 40.00, '2025-02', NOW()),
(1, 11, 120.00, '2025-02', NOW()),
(1, 12, 80.00, '2025-02', NOW()),
(1, 1, 100.00, '2025-03', NOW()),
(1, 2, 50.00, '2025-03', NOW()),
(1, 3, 300.00, '2025-03', NOW()),
(1, 4, 25.00, '2025-03', NOW()),
(1, 5, 100.00, '2025-03', NOW()),
(1, 6, 150.00, '2025-03', NOW()),

(2, 1, 120.00, '2025-01', NOW()),
(2, 2, 60.00, '2025-01', NOW()),
(2, 3, 350.00, '2025-01', NOW()),
(2, 4, 30.00, '2025-01', NOW()),
(2, 5, 120.00, '2025-01', NOW()),
(2, 6, 170.00, '2025-01', NOW()),
(2, 7, 90.00, '2025-02', NOW()),
(2, 8, 60.00, '2025-02', NOW()),
(2, 9, 220.00, '2025-02', NOW()),
(2, 10, 50.00, '2025-02', NOW()),
(2, 11, 140.00, '2025-02', NOW()),
(2, 12, 90.00, '2025-02', NOW()),
(2, 1, 120.00, '2025-03', NOW()),
(2, 2, 60.00, '2025-03', NOW()),
(2, 3, 350.00, '2025-03', NOW()),
(2, 4, 30.00, '2025-03', NOW()),
(2, 5, 120.00, '2025-03', NOW()),
(2, 6, 170.00, '2025-03', NOW()),

(3, 1, 80.00, '2025-01', NOW()),
(3, 2, 40.00, '2025-01', NOW()),
(3, 3, 200.00, '2025-01', NOW()),
(3, 4, 20.00, '2025-01', NOW()),
(3, 5, 60.00, '2025-01', NOW()),
(3, 6, 100.00, '2025-01', NOW()),
(3, 7, 70.00, '2025-02', NOW()),
(3, 8, 40.00, '2025-02', NOW()),
(3, 9, 180.00, '2025-02', NOW()),
(3, 10, 35.00, '2025-02', NOW()),
(3, 11, 100.00, '2025-02', NOW()),
(3, 12, 70.00, '2025-02', NOW()),
(3, 1, 80.00, '2025-03', NOW()),
(3, 2, 40.00, '2025-03', NOW()),
(3, 3, 200.00, '2025-03', NOW()),
(3, 4, 20.00, '2025-03', NOW()),
(3, 5, 60.00, '2025-03', NOW()),
(3, 6, 100.00, '2025-03', NOW());

-- Poblamiento de la tabla Goals
INSERT INTO `Goals` (`idUser`, `title`, `targetAmount`, `currentAmount`, `deadline`, `createdAt`) VALUES
(1, 'Ahorrar para vacaciones', 2000.00, 500.00, '2025-06-01', NOW()),
(1, 'Comprar un coche nuevo', 15000.00, 2000.00, '2026-01-01', NOW()),
(1, 'Fondo de emergencia', 3000.00, 800.00, '2025-09-01', NOW()),
(2, 'Comprar una casa', 50000.00, 10000.00, '2027-01-01', NOW()),
(2, 'Fondo para estudios', 10000.00, 1500.00, '2025-12-31', NOW()),
(2, 'Ahorrar para boda', 8000.00, 2500.00, '2025-11-01', NOW()),
(3, 'Reparar mi coche', 3000.00, 1000.00, '2025-06-01', NOW()),
(3, 'Ir a una escuela de arte', 5000.00, 800.00, '2025-09-01', NOW()),
(3, 'Crear fondo para emergencias', 2000.00, 500.00, '2025-12-01', NOW());
